id,DataExtractDate,ReportPeriod,Arrival_Departure,Domestic_International,CargoType,AirCargoTons
1,2014-05-01T00:00:00,2006-01-01T00:00:00,Arrival,Domestic,Freight,35703
2,2014-05-01T00:00:00,2006-01-01T00:00:00,Arrival,Domestic,Mail,3209
3,2014-05-01T00:00:00,2006-01-01T00:00:00,Arrival,International,Freight,46391
4,2014-05-01T00:00:00,2006-01-01T00:00:00,Arrival,International,Mail,548
5,2014-05-01T00:00:00,2006-01-01T00:00:00,Departure,Domestic,Freight,36702
6,2014-05-01T00:00:00,2006-01-01T00:00:00,Departure,Domestic,Mail,2845
7,2014-05-01T00:00:00,2006-01-01T00:00:00,Departure,International,Freight,31748
8,2014-05-01T00:00:00,2006-01-01T00:00:00,Departure,International,Mail,971
9,2014-05-01T00:00:00,2006-02-01T00:00:00,Arrival,Domestic,Freight,35065
10,2014-05-01T00:00:00,2006-02-01T00:00:00,Arrival,Domestic,Mail,2551
11,2014-05-01T00:00:00,2006-02-01T00:00:00,Arrival,International,Freight,45767
12,2014-05-01T00:00:00,2006-02-01T00:00:00,Arrival,International,Mail,564
13,2014-05-01T00:00:00,2006-02-01T00:00:00,Departure,Domestic,Freight,33222
14,2014-05-01T00:00:00,2006-02-01T00:00:00,Departure,Domestic,Mail,2310
15,2014-05-01T00:00:00,2006-02-01T00:00:00,Departure,International,Freight,31394
16,2014-05-01T00:00:00,2006-02-01T00:00:00,Departure,International,Mail,988
17,2014-05-01T00:00:00,2006-03-01T00:00:00,Arrival,Domestic,Freight,41014
18,2014-05-01T00:00:00,2006-03-01T00:00:00,Arrival,Domestic,Mail,2659
19,2014-05-01T00:00:00,2006-03-01T00:00:00,Arrival,International,Freight,63864
20,2014-05-01T00:00:00,2006-03-01T00:00:00,Arrival,International,Mail,671
21,2014-05-01T00:00:00,2006-03-01T00:00:00,Departure,Domestic,Freight,44584
22,2014-05-01T00:00:00,2006-03-01T00:00:00,Departure,Domestic,Mail,3836
23,2014-05-01T00:00:00,2006-03-01T00:00:00,Departure,International,Freight,35170
24,2014-05-01T00:00:00,2006-03-01T00:00:00,Departure,International,Mail,1053
25,2014-05-01T00:00:00,2006-04-01T00:00:00,Arrival,Domestic,Freight,37802
26,2014-05-01T00:00:00,2006-04-01T00:00:00,Arrival,Domestic,Mail,2536
27,2014-05-01T00:00:00,2006-04-01T00:00:00,Arrival,International,Freight,56500
28,2014-05-01T00:00:00,2006-04-01T00:00:00,Arrival,International,Mail,547
29,2014-05-01T00:00:00,2006-04-01T00:00:00,Departure,Domestic,Freight,40440
30,2014-05-01T00:00:00,2006-04-01T00:00:00,Departure,Domestic,Mail,2279
31,2014-05-01T00:00:00,2006-04-01T00:00:00,Departure,International,Freight,30295
32,2014-05-01T00:00:00,2006-04-01T00:00:00,Departure,International,Mail,1472
33,2014-05-01T00:00:00,2006-05-01T00:00:00,Arrival,Domestic,Freight,35644
34,2014-05-01T00:00:00,2006-05-01T00:00:00,Arrival,Domestic,Mail,2217
35,2014-05-01T00:00:00,2006-05-01T00:00:00,Arrival,International,Freight,54068
36,2014-05-01T00:00:00,2006-05-01T00:00:00,Arrival,International,Mail,497
37,2014-05-01T00:00:00,2006-05-01T00:00:00,Departure,Domestic,Freight,40639
38,2014-05-01T00:00:00,2006-05-01T00:00:00,Departure,Domestic,Mail,2178
39,2014-05-01T00:00:00,2006-05-01T00:00:00,Departure,International,Freight,32336
40,2014-05-01T00:00:00,2006-05-01T00:00:00,Departure,International,Mail,954
41,2014-05-01T00:00:00,2006-06-01T00:00:00,Arrival,Domestic,Freight,39164
42,2014-05-01T00:00:00,2006-06-01T00:00:00,Arrival,Domestic,Mail,2078
43,2014-05-01T00:00:00,2006-06-01T00:00:00,Arrival,International,Freight,53983
44,2014-05-01T00:00:00,2006-06-01T00:00:00,Arrival,International,Mail,496
45,2014-05-01T00:00:00,2006-06-01T00:00:00,Departure,Domestic,Freight,41203
46,2014-05-01T00:00:00,2006-06-01T00:00:00,Departure,Domestic,Mail,2165
47,2014-05-01T00:00:00,2006-06-01T00:00:00,Departure,International,Freight,38843
48,2014-05-01T00:00:00,2006-06-01T00:00:00,Departure,International,Mail,938
49,2014-05-01T00:00:00,2006-07-01T00:00:00,Arrival,Domestic,Freight,39536
50,2014-05-01T00:00:00,2006-07-01T00:00:00,Arrival,Domestic,Mail,1761
51,2014-05-01T00:00:00,2006-07-01T00:00:00,Arrival,International,Freight,54352
52,2014-05-01T00:00:00,2006-07-01T00:00:00,Arrival,International,Mail,479
53,2014-05-01T00:00:00,2006-07-01T00:00:00,Departure,Domestic,Freight,38969
54,2014-05-01T00:00:00,2006-07-01T00:00:00,Departure,Domestic,Mail,1696
55,2014-05-01T00:00:00,2006-07-01T00:00:00,Departure,International,Freight,35693
56,2014-05-01T00:00:00,2006-07-01T00:00:00,Departure,International,Mail,990
57,2014-05-01T00:00:00,2006-08-01T00:00:00,Arrival,Domestic,Freight,37956
58,2014-05-01T00:00:00,2006-08-01T00:00:00,Arrival,Domestic,Mail,1889
59,2014-05-01T00:00:00,2006-08-01T00:00:00,Arrival,International,Freight,57072
60,2014-05-01T00:00:00,2006-08-01T00:00:00,Arrival,International,Mail,552
61,2014-05-01T00:00:00,2006-08-01T00:00:00,Departure,Domestic,Freight,40147
62,2014-05-01T00:00:00,2006-08-01T00:00:00,Departure,Domestic,Mail,2517
63,2014-05-01T00:00:00,2006-08-01T00:00:00,Departure,International,Freight,38239
64,2014-05-01T00:00:00,2006-08-01T00:00:00,Departure,International,Mail,1027
65,2014-05-01T00:00:00,2006-09-01T00:00:00,Arrival,Domestic,Freight,38323
66,2014-05-01T00:00:00,2006-09-01T00:00:00,Arrival,Domestic,Mail,1850
67,2014-05-01T00:00:00,2006-09-01T00:00:00,Arrival,International,Freight,65728
68,2014-05-01T00:00:00,2006-09-01T00:00:00,Arrival,International,Mail,557
69,2014-05-01T00:00:00,2006-09-01T00:00:00,Departure,Domestic,Freight,38434
70,2014-05-01T00:00:00,2006-09-01T00:00:00,Departure,Domestic,Mail,1870
71,2014-05-01T00:00:00,2006-09-01T00:00:00,Departure,International,Freight,37856
72,2014-05-01T00:00:00,2006-09-01T00:00:00,Departure,International,Mail,2559
73,2014-05-01T00:00:00,2006-10-01T00:00:00,Arrival,Domestic,Freight,40772
74,2014-05-01T00:00:00,2006-10-01T00:00:00,Arrival,Domestic,Mail,1981
75,2014-05-01T00:00:00,2006-10-01T00:00:00,Arrival,International,Freight,61191
76,2014-05-01T00:00:00,2006-10-01T00:00:00,Arrival,International,Mail,618
77,2014-05-01T00:00:00,2006-10-01T00:00:00,Departure,Domestic,Freight,41338
78,2014-05-01T00:00:00,2006-10-01T00:00:00,Departure,Domestic,Mail,2016
79,2014-05-01T00:00:00,2006-10-01T00:00:00,Departure,International,Freight,37607
80,2014-05-01T00:00:00,2006-10-01T00:00:00,Departure,International,Mail,1202
81,2014-05-01T00:00:00,2006-11-01T00:00:00,Arrival,Domestic,Freight,36344
82,2014-05-01T00:00:00,2006-11-01T00:00:00,Arrival,Domestic,Mail,2158
83,2014-05-01T00:00:00,2006-11-01T00:00:00,Arrival,International,Freight,56786
84,2014-05-01T00:00:00,2006-11-01T00:00:00,Arrival,International,Mail,769
85,2014-05-01T00:00:00,2006-11-01T00:00:00,Departure,Domestic,Freight,40773
86,2014-05-01T00:00:00,2006-11-01T00:00:00,Departure,Domestic,Mail,2001
87,2014-05-01T00:00:00,2006-11-01T00:00:00,Departure,International,Freight,33557
88,2014-05-01T00:00:00,2006-11-01T00:00:00,Departure,International,Mail,2810
89,2014-05-01T00:00:00,2006-12-01T00:00:00,Arrival,Domestic,Freight,37530
90,2014-05-01T00:00:00,2006-12-01T00:00:00,Arrival,Domestic,Mail,2042
91,2014-05-01T00:00:00,2006-12-01T00:00:00,Arrival,International,Freight,56553
92,2014-05-01T00:00:00,2006-12-01T00:00:00,Arrival,International,Mail,1309
93,2014-05-01T00:00:00,2006-12-01T00:00:00,Departure,Domestic,Freight,42958
94,2014-05-01T00:00:00,2006-12-01T00:00:00,Departure,Domestic,Mail,2066
95,2014-05-01T00:00:00,2006-12-01T00:00:00,Departure,International,Freight,34810
96,2014-05-01T00:00:00,2006-12-01T00:00:00,Departure,International,Mail,1565
97,2014-05-01T00:00:00,2007-01-01T00:00:00,Arrival,Domestic,Freight,36417
98,2014-05-01T00:00:00,2007-01-01T00:00:00,Arrival,Domestic,Mail,1906
99,2014-05-01T00:00:00,2007-01-01T00:00:00,Arrival,International,Freight,48033
100,2014-05-01T00:00:00,2007-01-01T00:00:00,Arrival,International,Mail,962
101,2014-05-01T00:00:00,2007-01-01T00:00:00,Departure,Domestic,Freight,38566
102,2014-05-01T00:00:00,2007-01-01T00:00:00,Departure,Domestic,Mail,1970
103,2014-05-01T00:00:00,2007-01-01T00:00:00,Departure,International,Freight,31805
104,2014-05-01T00:00:00,2007-01-01T00:00:00,Departure,International,Mail,1816
105,2014-05-01T00:00:00,2007-02-01T00:00:00,Arrival,Domestic,Freight,34246
106,2014-05-01T00:00:00,2007-02-01T00:00:00,Arrival,Domestic,Mail,1708
107,2014-05-01T00:00:00,2007-02-01T00:00:00,Arrival,International,Freight,48596
108,2014-05-01T00:00:00,2007-02-01T00:00:00,Arrival,International,Mail,795
109,2014-05-01T00:00:00,2007-02-01T00:00:00,Departure,Domestic,Freight,37997
110,2014-05-01T00:00:00,2007-02-01T00:00:00,Departure,Domestic,Mail,1739
111,2014-05-01T00:00:00,2007-02-01T00:00:00,Departure,International,Freight,29604
112,2014-05-01T00:00:00,2007-02-01T00:00:00,Departure,International,Mail,1206
113,2014-05-01T00:00:00,2007-03-01T00:00:00,Arrival,Domestic,Freight,42067
114,2014-05-01T00:00:00,2007-03-01T00:00:00,Arrival,Domestic,Mail,1870
115,2014-05-01T00:00:00,2007-03-01T00:00:00,Arrival,International,Freight,55684
116,2014-05-01T00:00:00,2007-03-01T00:00:00,Arrival,International,Mail,860
117,2014-05-01T00:00:00,2007-03-01T00:00:00,Departure,Domestic,Freight,42456
118,2014-05-01T00:00:00,2007-03-01T00:00:00,Departure,Domestic,Mail,2279
119,2014-05-01T00:00:00,2007-03-01T00:00:00,Departure,International,Freight,36683
120,2014-05-01T00:00:00,2007-03-01T00:00:00,Departure,International,Mail,1241
121,2014-05-01T00:00:00,2007-04-01T00:00:00,Arrival,Domestic,Freight,34697
122,2014-05-01T00:00:00,2007-04-01T00:00:00,Arrival,Domestic,Mail,1889
123,2014-05-01T00:00:00,2007-04-01T00:00:00,Arrival,International,Freight,51087
124,2014-05-01T00:00:00,2007-04-01T00:00:00,Arrival,International,Mail,722
125,2014-05-01T00:00:00,2007-04-01T00:00:00,Departure,Domestic,Freight,38586
126,2014-05-01T00:00:00,2007-04-01T00:00:00,Departure,Domestic,Mail,2111
127,2014-05-01T00:00:00,2007-04-01T00:00:00,Departure,International,Freight,33383
128,2014-05-01T00:00:00,2007-04-01T00:00:00,Departure,International,Mail,1106
129,2014-05-01T00:00:00,2007-05-01T00:00:00,Arrival,Domestic,Freight,36143
130,2014-05-01T00:00:00,2007-05-01T00:00:00,Arrival,Domestic,Mail,1255
131,2014-05-01T00:00:00,2007-05-01T00:00:00,Arrival,International,Freight,50632
132,2014-05-01T00:00:00,2007-05-01T00:00:00,Arrival,International,Mail,736
133,2014-05-01T00:00:00,2007-05-01T00:00:00,Departure,Domestic,Freight,40136
134,2014-05-01T00:00:00,2007-05-01T00:00:00,Departure,Domestic,Mail,1649
135,2014-05-01T00:00:00,2007-05-01T00:00:00,Departure,International,Freight,34863
136,2014-05-01T00:00:00,2007-05-01T00:00:00,Departure,International,Mail,1118
137,2014-05-01T00:00:00,2007-06-01T00:00:00,Arrival,Domestic,Freight,36339
138,2014-05-01T00:00:00,2007-06-01T00:00:00,Arrival,Domestic,Mail,1230
139,2014-05-01T00:00:00,2007-06-01T00:00:00,Arrival,International,Freight,52102
140,2014-05-01T00:00:00,2007-06-01T00:00:00,Arrival,International,Mail,680
141,2014-05-01T00:00:00,2007-06-01T00:00:00,Departure,Domestic,Freight,39552
142,2014-05-01T00:00:00,2007-06-01T00:00:00,Departure,Domestic,Mail,1977
143,2014-05-01T00:00:00,2007-06-01T00:00:00,Departure,International,Freight,37197
144,2014-05-01T00:00:00,2007-06-01T00:00:00,Departure,International,Mail,1082
145,2014-05-01T00:00:00,2007-07-01T00:00:00,Arrival,Domestic,Freight,33369
146,2014-05-01T00:00:00,2007-07-01T00:00:00,Arrival,Domestic,Mail,913
147,2014-05-01T00:00:00,2007-07-01T00:00:00,Arrival,International,Freight,52023
148,2014-05-01T00:00:00,2007-07-01T00:00:00,Arrival,International,Mail,706
149,2014-05-01T00:00:00,2007-07-01T00:00:00,Departure,Domestic,Freight,36538
150,2014-05-01T00:00:00,2007-07-01T00:00:00,Departure,Domestic,Mail,1425
151,2014-05-01T00:00:00,2007-07-01T00:00:00,Departure,International,Freight,38888
152,2014-05-01T00:00:00,2007-07-01T00:00:00,Departure,International,Mail,1075
153,2014-05-01T00:00:00,2007-08-01T00:00:00,Arrival,Domestic,Freight,36383
154,2014-05-01T00:00:00,2007-08-01T00:00:00,Arrival,Domestic,Mail,912
155,2014-05-01T00:00:00,2007-08-01T00:00:00,Arrival,International,Freight,56310
156,2014-05-01T00:00:00,2007-08-01T00:00:00,Arrival,International,Mail,743
157,2014-05-01T00:00:00,2007-08-01T00:00:00,Departure,Domestic,Freight,38348
158,2014-05-01T00:00:00,2007-08-01T00:00:00,Departure,Domestic,Mail,1389
159,2014-05-01T00:00:00,2007-08-01T00:00:00,Departure,International,Freight,39543
160,2014-05-01T00:00:00,2007-08-01T00:00:00,Departure,International,Mail,1115
161,2014-05-01T00:00:00,2007-09-01T00:00:00,Arrival,Domestic,Freight,35384
162,2014-05-01T00:00:00,2007-09-01T00:00:00,Arrival,Domestic,Mail,1647
163,2014-05-01T00:00:00,2007-09-01T00:00:00,Arrival,International,Freight,60147
164,2014-05-01T00:00:00,2007-09-01T00:00:00,Arrival,International,Mail,742
165,2014-05-01T00:00:00,2007-09-01T00:00:00,Departure,Domestic,Freight,35253
166,2014-05-01T00:00:00,2007-09-01T00:00:00,Departure,Domestic,Mail,1838
167,2014-05-01T00:00:00,2007-09-01T00:00:00,Departure,International,Freight,36072
168,2014-05-01T00:00:00,2007-09-01T00:00:00,Departure,International,Mail,1149
169,2014-05-01T00:00:00,2007-10-01T00:00:00,Arrival,Domestic,Freight,37468
170,2014-05-01T00:00:00,2007-10-01T00:00:00,Arrival,Domestic,Mail,1676
171,2014-05-01T00:00:00,2007-10-01T00:00:00,Arrival,International,Freight,62388
172,2014-05-01T00:00:00,2007-10-01T00:00:00,Arrival,International,Mail,738
173,2014-05-01T00:00:00,2007-10-01T00:00:00,Departure,Domestic,Freight,37887
174,2014-05-01T00:00:00,2007-10-01T00:00:00,Departure,Domestic,Mail,1992
175,2014-05-01T00:00:00,2007-10-01T00:00:00,Departure,International,Freight,34611
176,2014-05-01T00:00:00,2007-10-01T00:00:00,Departure,International,Mail,1159
177,2014-05-01T00:00:00,2007-11-01T00:00:00,Arrival,Domestic,Freight,36853
178,2014-05-01T00:00:00,2007-11-01T00:00:00,Arrival,Domestic,Mail,1689
179,2014-05-01T00:00:00,2007-11-01T00:00:00,Arrival,International,Freight,62776
180,2014-05-01T00:00:00,2007-11-01T00:00:00,Arrival,International,Mail,934
181,2014-05-01T00:00:00,2007-11-01T00:00:00,Departure,Domestic,Freight,38555
182,2014-05-01T00:00:00,2007-11-01T00:00:00,Departure,Domestic,Mail,2571
183,2014-05-01T00:00:00,2007-11-01T00:00:00,Departure,International,Freight,35103
184,2014-05-01T00:00:00,2007-11-01T00:00:00,Departure,International,Mail,1186
185,2014-05-01T00:00:00,2007-12-01T00:00:00,Arrival,Domestic,Freight,35393
186,2014-05-01T00:00:00,2007-12-01T00:00:00,Arrival,Domestic,Mail,1899
187,2014-05-01T00:00:00,2007-12-01T00:00:00,Arrival,International,Freight,52981
188,2014-05-01T00:00:00,2007-12-01T00:00:00,Arrival,International,Mail,1060
189,2014-05-01T00:00:00,2007-12-01T00:00:00,Departure,Domestic,Freight,37963
190,2014-05-01T00:00:00,2007-12-01T00:00:00,Departure,Domestic,Mail,2801
191,2014-05-01T00:00:00,2007-12-01T00:00:00,Departure,International,Freight,34488
192,2014-05-01T00:00:00,2007-12-01T00:00:00,Departure,International,Mail,1419
193,2014-05-01T00:00:00,2008-01-01T00:00:00,Arrival,Domestic,Freight,31711
194,2014-05-01T00:00:00,2008-01-01T00:00:00,Arrival,Domestic,Mail,1761
195,2014-05-01T00:00:00,2008-01-01T00:00:00,Arrival,International,Freight,46107
196,2014-05-01T00:00:00,2008-01-01T00:00:00,Arrival,International,Mail,1462
197,2014-05-01T00:00:00,2008-01-01T00:00:00,Departure,Domestic,Freight,34816
198,2014-05-01T00:00:00,2008-01-01T00:00:00,Departure,Domestic,Mail,2537
199,2014-05-01T00:00:00,2008-01-01T00:00:00,Departure,International,Freight,30072
200,2014-05-01T00:00:00,2008-01-01T00:00:00,Departure,International,Mail,1122
201,2014-05-01T00:00:00,2008-02-01T00:00:00,Arrival,Domestic,Freight,30279
202,2014-05-01T00:00:00,2008-02-01T00:00:00,Arrival,Domestic,Mail,1516
203,2014-05-01T00:00:00,2008-02-01T00:00:00,Arrival,International,Freight,41545
204,2014-05-01T00:00:00,2008-02-01T00:00:00,Arrival,International,Mail,3449
205,2014-05-01T00:00:00,2008-02-01T00:00:00,Departure,Domestic,Freight,33847
206,2014-05-01T00:00:00,2008-02-01T00:00:00,Departure,Domestic,Mail,2330
207,2014-05-01T00:00:00,2008-02-01T00:00:00,Departure,International,Freight,32161
208,2014-05-01T00:00:00,2008-02-01T00:00:00,Departure,International,Mail,1491
209,2014-05-01T00:00:00,2008-03-01T00:00:00,Arrival,Domestic,Freight,32797
210,2014-05-01T00:00:00,2008-03-01T00:00:00,Arrival,Domestic,Mail,1778
211,2014-05-01T00:00:00,2008-03-01T00:00:00,Arrival,International,Freight,51958
212,2014-05-01T00:00:00,2008-03-01T00:00:00,Arrival,International,Mail,707
213,2014-05-01T00:00:00,2008-03-01T00:00:00,Departure,Domestic,Freight,35055
214,2014-05-01T00:00:00,2008-03-01T00:00:00,Departure,Domestic,Mail,2207
215,2014-05-01T00:00:00,2008-03-01T00:00:00,Departure,International,Freight,37915
216,2014-05-01T00:00:00,2008-03-01T00:00:00,Departure,International,Mail,1271
217,2014-05-01T00:00:00,2008-04-01T00:00:00,Arrival,Domestic,Freight,31587
218,2014-05-01T00:00:00,2008-04-01T00:00:00,Arrival,Domestic,Mail,1806
219,2014-05-01T00:00:00,2008-04-01T00:00:00,Arrival,International,Freight,50366
220,2014-05-01T00:00:00,2008-04-01T00:00:00,Arrival,International,Mail,674
221,2014-05-01T00:00:00,2008-04-01T00:00:00,Departure,Domestic,Freight,34579
222,2014-05-01T00:00:00,2008-04-01T00:00:00,Departure,Domestic,Mail,2390
223,2014-05-01T00:00:00,2008-04-01T00:00:00,Departure,International,Freight,35880
224,2014-05-01T00:00:00,2008-04-01T00:00:00,Departure,International,Mail,1121
225,2014-05-01T00:00:00,2008-05-01T00:00:00,Arrival,Domestic,Freight,30448
226,2014-05-01T00:00:00,2008-05-01T00:00:00,Arrival,Domestic,Mail,1859
227,2014-05-01T00:00:00,2008-05-01T00:00:00,Arrival,International,Freight,48942
228,2014-05-01T00:00:00,2008-05-01T00:00:00,Arrival,International,Mail,726
229,2014-05-01T00:00:00,2008-05-01T00:00:00,Departure,Domestic,Freight,35385
230,2014-05-01T00:00:00,2008-05-01T00:00:00,Departure,Domestic,Mail,2276
231,2014-05-01T00:00:00,2008-05-01T00:00:00,Departure,International,Freight,38660
232,2014-05-01T00:00:00,2008-05-01T00:00:00,Departure,International,Mail,1180
233,2014-05-01T00:00:00,2008-06-01T00:00:00,Arrival,Domestic,Freight,30450
234,2014-05-01T00:00:00,2008-06-01T00:00:00,Arrival,Domestic,Mail,1736
235,2014-05-01T00:00:00,2008-06-01T00:00:00,Arrival,International,Freight,50778
236,2014-05-01T00:00:00,2008-06-01T00:00:00,Arrival,International,Mail,587
237,2014-05-01T00:00:00,2008-06-01T00:00:00,Departure,Domestic,Freight,31970
238,2014-05-01T00:00:00,2008-06-01T00:00:00,Departure,Domestic,Mail,2166
239,2014-05-01T00:00:00,2008-06-01T00:00:00,Departure,International,Freight,38533
240,2014-05-01T00:00:00,2008-06-01T00:00:00,Departure,International,Mail,1186
241,2014-05-01T00:00:00,2008-07-01T00:00:00,Arrival,Domestic,Freight,29301
242,2014-05-01T00:00:00,2008-07-01T00:00:00,Arrival,Domestic,Mail,1778
243,2014-05-01T00:00:00,2008-07-01T00:00:00,Arrival,International,Freight,51909
244,2014-05-01T00:00:00,2008-07-01T00:00:00,Arrival,International,Mail,664
245,2014-05-01T00:00:00,2008-07-01T00:00:00,Departure,Domestic,Freight,32010
246,2014-05-01T00:00:00,2008-07-01T00:00:00,Departure,Domestic,Mail,2184
247,2014-05-01T00:00:00,2008-07-01T00:00:00,Departure,International,Freight,36329
248,2014-05-01T00:00:00,2008-07-01T00:00:00,Departure,International,Mail,1122
249,2014-05-01T00:00:00,2008-08-01T00:00:00,Arrival,Domestic,Freight,28075
250,2014-05-01T00:00:00,2008-08-01T00:00:00,Arrival,Domestic,Mail,1561
251,2014-05-01T00:00:00,2008-08-01T00:00:00,Arrival,International,Freight,49408
252,2014-05-01T00:00:00,2008-08-01T00:00:00,Arrival,International,Mail,640
253,2014-05-01T00:00:00,2008-08-01T00:00:00,Departure,Domestic,Freight,31244
254,2014-05-01T00:00:00,2008-08-01T00:00:00,Departure,Domestic,Mail,2111
255,2014-05-01T00:00:00,2008-08-01T00:00:00,Departure,International,Freight,34659
256,2014-05-01T00:00:00,2008-08-01T00:00:00,Departure,International,Mail,1230
257,2014-05-01T00:00:00,2008-09-01T00:00:00,Arrival,Domestic,Freight,26989
258,2014-05-01T00:00:00,2008-09-01T00:00:00,Arrival,Domestic,Mail,1531
259,2014-05-01T00:00:00,2008-09-01T00:00:00,Arrival,International,Freight,48853
260,2014-05-01T00:00:00,2008-09-01T00:00:00,Arrival,International,Mail,720
261,2014-05-01T00:00:00,2008-09-01T00:00:00,Departure,Domestic,Freight,30407
262,2014-05-01T00:00:00,2008-09-01T00:00:00,Departure,Domestic,Mail,1914
263,2014-05-01T00:00:00,2008-09-01T00:00:00,Departure,International,Freight,31410
264,2014-05-01T00:00:00,2008-09-01T00:00:00,Departure,International,Mail,900
265,2014-05-01T00:00:00,2008-10-01T00:00:00,Arrival,Domestic,Freight,29722
266,2014-05-01T00:00:00,2008-10-01T00:00:00,Arrival,Domestic,Mail,1755
267,2014-05-01T00:00:00,2008-10-01T00:00:00,Arrival,International,Freight,50874
268,2014-05-01T00:00:00,2008-10-01T00:00:00,Arrival,International,Mail,747
269,2014-05-01T00:00:00,2008-10-01T00:00:00,Departure,Domestic,Freight,33840
270,2014-05-01T00:00:00,2008-10-01T00:00:00,Departure,Domestic,Mail,2152
271,2014-05-01T00:00:00,2008-10-01T00:00:00,Departure,International,Freight,32479
272,2014-05-01T00:00:00,2008-10-01T00:00:00,Departure,International,Mail,1136
273,2014-05-01T00:00:00,2008-11-01T00:00:00,Arrival,Domestic,Freight,27881
274,2014-05-01T00:00:00,2008-11-01T00:00:00,Arrival,Domestic,Mail,1543
275,2014-05-01T00:00:00,2008-11-01T00:00:00,Arrival,International,Freight,41597
276,2014-05-01T00:00:00,2008-11-01T00:00:00,Arrival,International,Mail,792
277,2014-05-01T00:00:00,2008-11-01T00:00:00,Departure,Domestic,Freight,29409
278,2014-05-01T00:00:00,2008-11-01T00:00:00,Departure,Domestic,Mail,2185
279,2014-05-01T00:00:00,2008-11-01T00:00:00,Departure,International,Freight,29016
280,2014-05-01T00:00:00,2008-11-01T00:00:00,Departure,International,Mail,1061
281,2014-05-01T00:00:00,2008-12-01T00:00:00,Arrival,Domestic,Freight,27395
282,2014-05-01T00:00:00,2008-12-01T00:00:00,Arrival,Domestic,Mail,1583
283,2014-05-01T00:00:00,2008-12-01T00:00:00,Arrival,International,Freight,33879
284,2014-05-01T00:00:00,2008-12-01T00:00:00,Arrival,International,Mail,988
285,2014-05-01T00:00:00,2008-12-01T00:00:00,Departure,Domestic,Freight,33621
286,2014-05-01T00:00:00,2008-12-01T00:00:00,Departure,Domestic,Mail,2472
287,2014-05-01T00:00:00,2008-12-01T00:00:00,Departure,International,Freight,26804
288,2014-05-01T00:00:00,2008-12-01T00:00:00,Departure,International,Mail,1375
289,2014-05-01T00:00:00,2009-01-01T00:00:00,Arrival,Domestic,Freight,24831
290,2014-05-01T00:00:00,2009-01-01T00:00:00,Arrival,Domestic,Mail,1645
291,2014-05-01T00:00:00,2009-01-01T00:00:00,Arrival,International,Freight,30958
292,2014-05-01T00:00:00,2009-01-01T00:00:00,Arrival,International,Mail,697
293,2014-05-01T00:00:00,2009-01-01T00:00:00,Departure,Domestic,Freight,28389
294,2014-05-01T00:00:00,2009-01-01T00:00:00,Departure,Domestic,Mail,2154
295,2014-05-01T00:00:00,2009-01-01T00:00:00,Departure,International,Freight,23569
296,2014-05-01T00:00:00,2009-01-01T00:00:00,Departure,International,Mail,986
297,2014-05-01T00:00:00,2009-02-01T00:00:00,Arrival,Domestic,Freight,23020
298,2014-05-01T00:00:00,2009-02-01T00:00:00,Arrival,Domestic,Mail,1391
299,2014-05-01T00:00:00,2009-02-01T00:00:00,Arrival,International,Freight,32048
300,2014-05-01T00:00:00,2009-02-01T00:00:00,Arrival,International,Mail,687
301,2014-05-01T00:00:00,2009-02-01T00:00:00,Departure,Domestic,Freight,27105
302,2014-05-01T00:00:00,2009-02-01T00:00:00,Departure,Domestic,Mail,1928
303,2014-05-01T00:00:00,2009-02-01T00:00:00,Departure,International,Freight,26059
304,2014-05-01T00:00:00,2009-02-01T00:00:00,Departure,International,Mail,963
305,2014-05-01T00:00:00,2009-03-01T00:00:00,Arrival,Domestic,Freight,25639
306,2014-05-01T00:00:00,2009-03-01T00:00:00,Arrival,Domestic,Mail,1219
307,2014-05-01T00:00:00,2009-03-01T00:00:00,Arrival,International,Freight,41191
308,2014-05-01T00:00:00,2009-03-01T00:00:00,Arrival,International,Mail,686
309,2014-05-01T00:00:00,2009-03-01T00:00:00,Departure,Domestic,Freight,30555
310,2014-05-01T00:00:00,2009-03-01T00:00:00,Departure,Domestic,Mail,1823
311,2014-05-01T00:00:00,2009-03-01T00:00:00,Departure,International,Freight,28094
312,2014-05-01T00:00:00,2009-03-01T00:00:00,Departure,International,Mail,1017
313,2014-05-01T00:00:00,2009-04-01T00:00:00,Arrival,Domestic,Freight,26036
314,2014-05-01T00:00:00,2009-04-01T00:00:00,Arrival,Domestic,Mail,1244
315,2014-05-01T00:00:00,2009-04-01T00:00:00,Arrival,International,Freight,39054
316,2014-05-01T00:00:00,2009-04-01T00:00:00,Arrival,International,Mail,703
317,2014-05-01T00:00:00,2009-04-01T00:00:00,Departure,Domestic,Freight,29598
318,2014-05-01T00:00:00,2009-04-01T00:00:00,Departure,Domestic,Mail,1731
319,2014-05-01T00:00:00,2009-04-01T00:00:00,Departure,International,Freight,27802
320,2014-05-01T00:00:00,2009-04-01T00:00:00,Departure,International,Mail,1040
321,2014-05-01T00:00:00,2009-05-01T00:00:00,Arrival,Domestic,Freight,26900
322,2014-05-01T00:00:00,2009-05-01T00:00:00,Arrival,Domestic,Mail,1097
323,2014-05-01T00:00:00,2009-05-01T00:00:00,Arrival,International,Freight,40720
324,2014-05-01T00:00:00,2009-05-01T00:00:00,Arrival,International,Mail,755
325,2014-05-01T00:00:00,2009-05-01T00:00:00,Departure,Domestic,Freight,29818
326,2014-05-01T00:00:00,2009-05-01T00:00:00,Departure,Domestic,Mail,1711
327,2014-05-01T00:00:00,2009-05-01T00:00:00,Departure,International,Freight,30665
328,2014-05-01T00:00:00,2009-05-01T00:00:00,Departure,International,Mail,949
329,2014-05-01T00:00:00,2009-06-01T00:00:00,Arrival,Domestic,Freight,25939
330,2014-05-01T00:00:00,2009-06-01T00:00:00,Arrival,Domestic,Mail,1022
331,2014-05-01T00:00:00,2009-06-01T00:00:00,Arrival,International,Freight,39257
332,2014-05-01T00:00:00,2009-06-01T00:00:00,Arrival,International,Mail,649
333,2014-05-01T00:00:00,2009-06-01T00:00:00,Departure,Domestic,Freight,29772
334,2014-05-01T00:00:00,2009-06-01T00:00:00,Departure,Domestic,Mail,1453
335,2014-05-01T00:00:00,2009-06-01T00:00:00,Departure,International,Freight,38415
336,2014-05-01T00:00:00,2009-06-01T00:00:00,Departure,International,Mail,1013
337,2014-05-01T00:00:00,2009-07-01T00:00:00,Arrival,Domestic,Freight,28665
338,2014-05-01T00:00:00,2009-07-01T00:00:00,Arrival,Domestic,Mail,1261
339,2014-05-01T00:00:00,2009-07-01T00:00:00,Arrival,International,Freight,41770
340,2014-05-01T00:00:00,2009-07-01T00:00:00,Arrival,International,Mail,674
341,2014-05-01T00:00:00,2009-07-01T00:00:00,Departure,Domestic,Freight,30568
342,2014-05-01T00:00:00,2009-07-01T00:00:00,Departure,Domestic,Mail,1733
343,2014-05-01T00:00:00,2009-07-01T00:00:00,Departure,International,Freight,33768
344,2014-05-01T00:00:00,2009-07-01T00:00:00,Departure,International,Mail,2070
345,2014-05-01T00:00:00,2009-08-01T00:00:00,Arrival,Domestic,Freight,28796
346,2014-05-01T00:00:00,2009-08-01T00:00:00,Arrival,Domestic,Mail,1170
347,2014-05-01T00:00:00,2009-08-01T00:00:00,Arrival,International,Freight,44113
348,2014-05-01T00:00:00,2009-08-01T00:00:00,Arrival,International,Mail,548
349,2014-05-01T00:00:00,2009-08-01T00:00:00,Departure,Domestic,Freight,29708
350,2014-05-01T00:00:00,2009-08-01T00:00:00,Departure,Domestic,Mail,1827
351,2014-05-01T00:00:00,2009-08-01T00:00:00,Departure,International,Freight,33470
352,2014-05-01T00:00:00,2009-08-01T00:00:00,Departure,International,Mail,937
353,2014-05-01T00:00:00,2009-09-01T00:00:00,Arrival,Domestic,Freight,29449
354,2014-05-01T00:00:00,2009-09-01T00:00:00,Arrival,Domestic,Mail,1242
355,2014-05-01T00:00:00,2009-09-01T00:00:00,Arrival,International,Freight,49242
356,2014-05-01T00:00:00,2009-09-01T00:00:00,Arrival,International,Mail,684
357,2014-05-01T00:00:00,2009-09-01T00:00:00,Departure,Domestic,Freight,30561
358,2014-05-01T00:00:00,2009-09-01T00:00:00,Departure,Domestic,Mail,1814
359,2014-05-01T00:00:00,2009-09-01T00:00:00,Departure,International,Freight,31821
360,2014-05-01T00:00:00,2009-09-01T00:00:00,Departure,International,Mail,869
361,2014-05-01T00:00:00,2009-10-01T00:00:00,Arrival,Domestic,Freight,30781
362,2014-05-01T00:00:00,2009-10-01T00:00:00,Arrival,Domestic,Mail,1501
363,2014-05-01T00:00:00,2009-10-01T00:00:00,Arrival,International,Freight,55881
364,2014-05-01T00:00:00,2009-10-01T00:00:00,Arrival,International,Mail,728
365,2014-05-01T00:00:00,2009-10-01T00:00:00,Departure,Domestic,Freight,32888
366,2014-05-01T00:00:00,2009-10-01T00:00:00,Departure,Domestic,Mail,3758
367,2014-05-01T00:00:00,2009-10-01T00:00:00,Departure,International,Freight,32434
368,2014-05-01T00:00:00,2009-10-01T00:00:00,Departure,International,Mail,1136
369,2014-05-01T00:00:00,2009-11-01T00:00:00,Arrival,Domestic,Freight,34354
370,2014-05-01T00:00:00,2009-11-01T00:00:00,Arrival,Domestic,Mail,1435
371,2014-05-01T00:00:00,2009-11-01T00:00:00,Arrival,International,Freight,60816
372,2014-05-01T00:00:00,2009-11-01T00:00:00,Arrival,International,Mail,792
373,2014-05-01T00:00:00,2009-11-01T00:00:00,Departure,Domestic,Freight,31890
374,2014-05-01T00:00:00,2009-11-01T00:00:00,Departure,Domestic,Mail,2484
375,2014-05-01T00:00:00,2009-11-01T00:00:00,Departure,International,Freight,30358
376,2014-05-01T00:00:00,2009-11-01T00:00:00,Departure,International,Mail,1227
377,2014-05-01T00:00:00,2009-12-01T00:00:00,Arrival,Domestic,Freight,34683
378,2014-05-01T00:00:00,2009-12-01T00:00:00,Arrival,Domestic,Mail,1793
379,2014-05-01T00:00:00,2009-12-01T00:00:00,Arrival,International,Freight,50852
380,2014-05-01T00:00:00,2009-12-01T00:00:00,Arrival,International,Mail,1064
381,2014-05-01T00:00:00,2009-12-01T00:00:00,Departure,Domestic,Freight,36207
382,2014-05-01T00:00:00,2009-12-01T00:00:00,Departure,Domestic,Mail,3284
383,2014-05-01T00:00:00,2009-12-01T00:00:00,Departure,International,Freight,31383
384,2014-05-01T00:00:00,2009-12-01T00:00:00,Departure,International,Mail,1455
385,2014-05-01T00:00:00,2010-01-01T00:00:00,Arrival,Domestic,Freight,27291
386,2014-05-01T00:00:00,2010-01-01T00:00:00,Arrival,Domestic,Mail,1591
387,2014-05-01T00:00:00,2010-01-01T00:00:00,Arrival,International,Freight,47221
388,2014-05-01T00:00:00,2010-01-01T00:00:00,Arrival,International,Mail,748
389,2014-05-01T00:00:00,2010-01-01T00:00:00,Departure,Domestic,Freight,29574
390,2014-05-01T00:00:00,2010-01-01T00:00:00,Departure,Domestic,Mail,2623
391,2014-05-01T00:00:00,2010-01-01T00:00:00,Departure,International,Freight,31271
392,2014-05-01T00:00:00,2010-01-01T00:00:00,Departure,International,Mail,1072
393,2014-05-01T00:00:00,2010-02-01T00:00:00,Arrival,Domestic,Freight,27245
394,2014-05-01T00:00:00,2010-02-01T00:00:00,Arrival,Domestic,Mail,1224
395,2014-05-01T00:00:00,2010-02-01T00:00:00,Arrival,International,Freight,49109
396,2014-05-01T00:00:00,2010-02-01T00:00:00,Arrival,International,Mail,658
397,2014-05-01T00:00:00,2010-02-01T00:00:00,Departure,Domestic,Freight,29338
398,2014-05-01T00:00:00,2010-02-01T00:00:00,Departure,Domestic,Mail,2059
399,2014-05-01T00:00:00,2010-02-01T00:00:00,Departure,International,Freight,31358
400,2014-05-01T00:00:00,2010-02-01T00:00:00,Departure,International,Mail,1024
401,2014-05-01T00:00:00,2010-03-01T00:00:00,Arrival,Domestic,Freight,29927
402,2014-05-01T00:00:00,2010-03-01T00:00:00,Arrival,Domestic,Mail,1290
403,2014-05-01T00:00:00,2010-03-01T00:00:00,Arrival,International,Freight,58165
404,2014-05-01T00:00:00,2010-03-01T00:00:00,Arrival,International,Mail,665
405,2014-05-01T00:00:00,2010-03-01T00:00:00,Departure,Domestic,Freight,33073
406,2014-05-01T00:00:00,2010-03-01T00:00:00,Departure,Domestic,Mail,2245
407,2014-05-01T00:00:00,2010-03-01T00:00:00,Departure,International,Freight,38680
408,2014-05-01T00:00:00,2010-03-01T00:00:00,Departure,International,Mail,1176
409,2014-05-01T00:00:00,2010-04-01T00:00:00,Arrival,Domestic,Freight,33434
410,2014-05-01T00:00:00,2010-04-01T00:00:00,Arrival,Domestic,Mail,1422
411,2014-05-01T00:00:00,2010-04-01T00:00:00,Arrival,International,Freight,61520
412,2014-05-01T00:00:00,2010-04-01T00:00:00,Arrival,International,Mail,524
413,2014-05-01T00:00:00,2010-04-01T00:00:00,Departure,Domestic,Freight,31904
414,2014-05-01T00:00:00,2010-04-01T00:00:00,Departure,Domestic,Mail,2155
415,2014-05-01T00:00:00,2010-04-01T00:00:00,Departure,International,Freight,33047
416,2014-05-01T00:00:00,2010-04-01T00:00:00,Departure,International,Mail,1314
417,2014-05-01T00:00:00,2010-05-01T00:00:00,Arrival,Domestic,Freight,30876
418,2014-05-01T00:00:00,2010-05-01T00:00:00,Arrival,Domestic,Mail,1251
419,2014-05-01T00:00:00,2010-05-01T00:00:00,Arrival,International,Freight,61625
420,2014-05-01T00:00:00,2010-05-01T00:00:00,Arrival,International,Mail,675
421,2014-05-01T00:00:00,2010-05-01T00:00:00,Departure,Domestic,Freight,32777
422,2014-05-01T00:00:00,2010-05-01T00:00:00,Departure,Domestic,Mail,2391
423,2014-05-01T00:00:00,2010-05-01T00:00:00,Departure,International,Freight,36738
424,2014-05-01T00:00:00,2010-05-01T00:00:00,Departure,International,Mail,1987
425,2014-05-01T00:00:00,2010-06-01T00:00:00,Arrival,Domestic,Freight,30960
426,2014-05-01T00:00:00,2010-06-01T00:00:00,Arrival,Domestic,Mail,1164
427,2014-05-01T00:00:00,2010-06-01T00:00:00,Arrival,International,Freight,59813
428,2014-05-01T00:00:00,2010-06-01T00:00:00,Arrival,International,Mail,710
429,2014-05-01T00:00:00,2010-06-01T00:00:00,Departure,Domestic,Freight,31980
430,2014-05-01T00:00:00,2010-06-01T00:00:00,Departure,Domestic,Mail,2333
431,2014-05-01T00:00:00,2010-06-01T00:00:00,Departure,International,Freight,38315
432,2014-05-01T00:00:00,2010-06-01T00:00:00,Departure,International,Mail,1718
433,2014-05-01T00:00:00,2010-07-01T00:00:00,Arrival,Domestic,Freight,30959
434,2014-05-01T00:00:00,2010-07-01T00:00:00,Arrival,Domestic,Mail,1103
435,2014-05-01T00:00:00,2010-07-01T00:00:00,Arrival,International,Freight,60309
436,2014-05-01T00:00:00,2010-07-01T00:00:00,Arrival,International,Mail,588
437,2014-05-01T00:00:00,2010-07-01T00:00:00,Departure,Domestic,Freight,31251
438,2014-05-01T00:00:00,2010-07-01T00:00:00,Departure,Domestic,Mail,2671
439,2014-05-01T00:00:00,2010-07-01T00:00:00,Departure,International,Freight,37394
440,2014-05-01T00:00:00,2010-07-01T00:00:00,Departure,International,Mail,1624
441,2014-05-01T00:00:00,2010-08-01T00:00:00,Arrival,Domestic,Freight,30993
442,2014-05-01T00:00:00,2010-08-01T00:00:00,Arrival,Domestic,Mail,999
443,2014-05-01T00:00:00,2010-08-01T00:00:00,Arrival,International,Freight,55334
444,2014-05-01T00:00:00,2010-08-01T00:00:00,Arrival,International,Mail,572
445,2014-05-01T00:00:00,2010-08-01T00:00:00,Departure,Domestic,Freight,30863
446,2014-05-01T00:00:00,2010-08-01T00:00:00,Departure,Domestic,Mail,2332
447,2014-05-01T00:00:00,2010-08-01T00:00:00,Departure,International,Freight,37311
448,2014-05-01T00:00:00,2010-08-01T00:00:00,Departure,International,Mail,1808
449,2014-05-01T00:00:00,2010-09-01T00:00:00,Arrival,Domestic,Freight,30399
450,2014-05-01T00:00:00,2010-09-01T00:00:00,Arrival,Domestic,Mail,1356
451,2014-05-01T00:00:00,2010-09-01T00:00:00,Arrival,International,Freight,52108
452,2014-05-01T00:00:00,2010-09-01T00:00:00,Arrival,International,Mail,589
453,2014-05-01T00:00:00,2010-09-01T00:00:00,Departure,Domestic,Freight,31752
454,2014-05-01T00:00:00,2010-09-01T00:00:00,Departure,Domestic,Mail,2340
455,2014-05-01T00:00:00,2010-09-01T00:00:00,Departure,International,Freight,37008
456,2014-05-01T00:00:00,2010-09-01T00:00:00,Departure,International,Mail,1890
457,2014-05-01T00:00:00,2010-10-01T00:00:00,Arrival,Domestic,Freight,32251
458,2014-05-01T00:00:00,2010-10-01T00:00:00,Arrival,Domestic,Mail,1565
459,2014-05-01T00:00:00,2010-10-01T00:00:00,Arrival,International,Freight,53766
460,2014-05-01T00:00:00,2010-10-01T00:00:00,Arrival,International,Mail,637
461,2014-05-01T00:00:00,2010-10-01T00:00:00,Departure,Domestic,Freight,34559
462,2014-05-01T00:00:00,2010-10-01T00:00:00,Departure,Domestic,Mail,2526
463,2014-05-01T00:00:00,2010-10-01T00:00:00,Departure,International,Freight,42190
464,2014-05-01T00:00:00,2010-10-01T00:00:00,Departure,International,Mail,1918
465,2014-05-01T00:00:00,2010-11-01T00:00:00,Arrival,Domestic,Freight,30450
466,2014-05-01T00:00:00,2010-11-01T00:00:00,Arrival,Domestic,Mail,1497
467,2014-05-01T00:00:00,2010-11-01T00:00:00,Arrival,International,Freight,56125
468,2014-05-01T00:00:00,2010-11-01T00:00:00,Arrival,International,Mail,454
469,2014-05-01T00:00:00,2010-11-01T00:00:00,Departure,Domestic,Freight,31772
470,2014-05-01T00:00:00,2010-11-01T00:00:00,Departure,Domestic,Mail,2693
471,2014-05-01T00:00:00,2010-11-01T00:00:00,Departure,International,Freight,35626
472,2014-05-01T00:00:00,2010-11-01T00:00:00,Departure,International,Mail,1896
473,2014-05-01T00:00:00,2010-12-01T00:00:00,Arrival,Domestic,Freight,34903
474,2014-05-01T00:00:00,2010-12-01T00:00:00,Arrival,Domestic,Mail,2069
475,2014-05-01T00:00:00,2010-12-01T00:00:00,Arrival,International,Freight,47371
476,2014-05-01T00:00:00,2010-12-01T00:00:00,Arrival,International,Mail,673
477,2014-05-01T00:00:00,2010-12-01T00:00:00,Departure,Domestic,Freight,36510
478,2014-05-01T00:00:00,2010-12-01T00:00:00,Departure,Domestic,Mail,3646
479,2014-05-01T00:00:00,2010-12-01T00:00:00,Departure,International,Freight,36321
480,2014-05-01T00:00:00,2010-12-01T00:00:00,Departure,International,Mail,2541
481,2014-05-01T00:00:00,2011-01-01T00:00:00,Arrival,Domestic,Freight,28176
482,2014-05-01T00:00:00,2011-01-01T00:00:00,Arrival,Domestic,Mail,1818
483,2014-05-01T00:00:00,2011-01-01T00:00:00,Arrival,International,Freight,43452
484,2014-05-01T00:00:00,2011-01-01T00:00:00,Arrival,International,Mail,510
485,2014-05-01T00:00:00,2011-01-01T00:00:00,Departure,Domestic,Freight,28429
486,2014-05-01T00:00:00,2011-01-01T00:00:00,Departure,Domestic,Mail,2517
487,2014-05-01T00:00:00,2011-01-01T00:00:00,Departure,International,Freight,36008
488,2014-05-01T00:00:00,2011-01-01T00:00:00,Departure,International,Mail,1917
489,2014-05-01T00:00:00,2011-02-01T00:00:00,Arrival,Domestic,Freight,26656
490,2014-05-01T00:00:00,2011-02-01T00:00:00,Arrival,Domestic,Mail,1658
491,2014-05-01T00:00:00,2011-02-01T00:00:00,Arrival,International,Freight,37030
492,2014-05-01T00:00:00,2011-02-01T00:00:00,Arrival,International,Mail,492
493,2014-05-01T00:00:00,2011-02-01T00:00:00,Departure,Domestic,Freight,28786
494,2014-05-01T00:00:00,2011-02-01T00:00:00,Departure,Domestic,Mail,2360
495,2014-05-01T00:00:00,2011-02-01T00:00:00,Departure,International,Freight,33970
496,2014-05-01T00:00:00,2011-02-01T00:00:00,Departure,International,Mail,1772
497,2014-05-01T00:00:00,2011-03-01T00:00:00,Arrival,Domestic,Freight,31957
498,2014-05-01T00:00:00,2011-03-01T00:00:00,Arrival,Domestic,Mail,1753
499,2014-05-01T00:00:00,2011-03-01T00:00:00,Arrival,International,Freight,54594
500,2014-05-01T00:00:00,2011-03-01T00:00:00,Arrival,International,Mail,537
501,2014-05-01T00:00:00,2011-03-01T00:00:00,Departure,Domestic,Freight,33516
502,2014-05-01T00:00:00,2011-03-01T00:00:00,Departure,Domestic,Mail,2678
503,2014-05-01T00:00:00,2011-03-01T00:00:00,Departure,International,Freight,37436
504,2014-05-01T00:00:00,2011-03-01T00:00:00,Departure,International,Mail,2135
505,2014-05-01T00:00:00,2011-04-01T00:00:00,Arrival,Domestic,Freight,27844
506,2014-05-01T00:00:00,2011-04-01T00:00:00,Arrival,Domestic,Mail,1653
507,2014-05-01T00:00:00,2011-04-01T00:00:00,Arrival,International,Freight,51792
508,2014-05-01T00:00:00,2011-04-01T00:00:00,Arrival,International,Mail,514
509,2014-05-01T00:00:00,2011-04-01T00:00:00,Departure,Domestic,Freight,29879
510,2014-05-01T00:00:00,2011-04-01T00:00:00,Departure,Domestic,Mail,2873
511,2014-05-01T00:00:00,2011-04-01T00:00:00,Departure,International,Freight,38672
512,2014-05-01T00:00:00,2011-04-01T00:00:00,Departure,International,Mail,1862
513,2014-05-01T00:00:00,2011-05-01T00:00:00,Arrival,Domestic,Freight,28741
514,2014-05-01T00:00:00,2011-05-01T00:00:00,Arrival,Domestic,Mail,1456
515,2014-05-01T00:00:00,2011-05-01T00:00:00,Arrival,International,Freight,48279
516,2014-05-01T00:00:00,2011-05-01T00:00:00,Arrival,International,Mail,513
517,2014-05-01T00:00:00,2011-05-01T00:00:00,Departure,Domestic,Freight,29891
518,2014-05-01T00:00:00,2011-05-01T00:00:00,Departure,Domestic,Mail,2523
519,2014-05-01T00:00:00,2011-05-01T00:00:00,Departure,International,Freight,41927
520,2014-05-01T00:00:00,2011-05-01T00:00:00,Departure,International,Mail,1934
521,2014-05-01T00:00:00,2011-06-01T00:00:00,Arrival,Domestic,Freight,29410
522,2014-05-01T00:00:00,2011-06-01T00:00:00,Arrival,Domestic,Mail,1456
523,2014-05-01T00:00:00,2011-06-01T00:00:00,Arrival,International,Freight,51925
524,2014-05-01T00:00:00,2011-06-01T00:00:00,Arrival,International,Mail,619
525,2014-05-01T00:00:00,2011-06-01T00:00:00,Departure,Domestic,Freight,31514
526,2014-05-01T00:00:00,2011-06-01T00:00:00,Departure,Domestic,Mail,2388
527,2014-05-01T00:00:00,2011-06-01T00:00:00,Departure,International,Freight,45423
528,2014-05-01T00:00:00,2011-06-01T00:00:00,Departure,International,Mail,1880
529,2014-05-01T00:00:00,2011-07-01T00:00:00,Arrival,Domestic,Freight,28133
530,2014-05-01T00:00:00,2011-07-01T00:00:00,Arrival,Domestic,Mail,1286
531,2014-05-01T00:00:00,2011-07-01T00:00:00,Arrival,International,Freight,48674
532,2014-05-01T00:00:00,2011-07-01T00:00:00,Arrival,International,Mail,525
533,2014-05-01T00:00:00,2011-07-01T00:00:00,Departure,Domestic,Freight,29634
534,2014-05-01T00:00:00,2011-07-01T00:00:00,Departure,Domestic,Mail,2102
535,2014-05-01T00:00:00,2011-07-01T00:00:00,Departure,International,Freight,41794
536,2014-05-01T00:00:00,2011-07-01T00:00:00,Departure,International,Mail,2019
537,2014-05-01T00:00:00,2011-08-01T00:00:00,Arrival,Domestic,Freight,29277
538,2014-05-01T00:00:00,2011-08-01T00:00:00,Arrival,Domestic,Mail,1389
539,2014-05-01T00:00:00,2011-08-01T00:00:00,Arrival,International,Freight,46225
540,2014-05-01T00:00:00,2011-08-01T00:00:00,Arrival,International,Mail,522
541,2014-05-01T00:00:00,2011-08-01T00:00:00,Departure,Domestic,Freight,31423
542,2014-05-01T00:00:00,2011-08-01T00:00:00,Departure,Domestic,Mail,1414
543,2014-05-01T00:00:00,2011-08-01T00:00:00,Departure,International,Freight,41351
544,2014-05-01T00:00:00,2011-08-01T00:00:00,Departure,International,Mail,2039
545,2014-05-01T00:00:00,2011-09-01T00:00:00,Arrival,Domestic,Freight,29192
546,2014-05-01T00:00:00,2011-09-01T00:00:00,Arrival,Domestic,Mail,1687
547,2014-05-01T00:00:00,2011-09-01T00:00:00,Arrival,International,Freight,46465
548,2014-05-01T00:00:00,2011-09-01T00:00:00,Arrival,International,Mail,555
549,2014-05-01T00:00:00,2011-09-01T00:00:00,Departure,Domestic,Freight,31606
550,2014-05-01T00:00:00,2011-09-01T00:00:00,Departure,Domestic,Mail,2165
551,2014-05-01T00:00:00,2011-09-01T00:00:00,Departure,International,Freight,41014
552,2014-05-01T00:00:00,2011-09-01T00:00:00,Departure,International,Mail,2123
553,2014-05-01T00:00:00,2011-10-01T00:00:00,Arrival,Domestic,Freight,30434
554,2014-05-01T00:00:00,2011-10-01T00:00:00,Arrival,Domestic,Mail,1695
555,2014-05-01T00:00:00,2011-10-01T00:00:00,Arrival,International,Freight,51532
556,2014-05-01T00:00:00,2011-10-01T00:00:00,Arrival,International,Mail,577
557,2014-05-01T00:00:00,2011-10-01T00:00:00,Departure,Domestic,Freight,32634
558,2014-05-01T00:00:00,2011-10-01T00:00:00,Departure,Domestic,Mail,2579
559,2014-05-01T00:00:00,2011-10-01T00:00:00,Departure,International,Freight,42798
560,2014-05-01T00:00:00,2011-10-01T00:00:00,Departure,International,Mail,2117
561,2014-05-01T00:00:00,2011-11-01T00:00:00,Arrival,Domestic,Freight,30861
562,2014-05-01T00:00:00,2011-11-01T00:00:00,Arrival,Domestic,Mail,1596
563,2014-05-01T00:00:00,2011-11-01T00:00:00,Arrival,International,Freight,51700
564,2014-05-01T00:00:00,2011-11-01T00:00:00,Arrival,International,Mail,632
565,2014-05-01T00:00:00,2011-11-01T00:00:00,Departure,Domestic,Freight,33340
566,2014-05-01T00:00:00,2011-11-01T00:00:00,Departure,Domestic,Mail,2357
567,2014-05-01T00:00:00,2011-11-01T00:00:00,Departure,International,Freight,41147
568,2014-05-01T00:00:00,2011-11-01T00:00:00,Departure,International,Mail,2121
569,2014-05-01T00:00:00,2011-12-01T00:00:00,Arrival,Domestic,Freight,32924
570,2014-05-01T00:00:00,2011-12-01T00:00:00,Arrival,Domestic,Mail,2130
571,2014-05-01T00:00:00,2011-12-01T00:00:00,Arrival,International,Freight,47398
572,2014-05-01T00:00:00,2011-12-01T00:00:00,Arrival,International,Mail,817
573,2014-05-01T00:00:00,2011-12-01T00:00:00,Departure,Domestic,Freight,35564
574,2014-05-01T00:00:00,2011-12-01T00:00:00,Departure,Domestic,Mail,3422
575,2014-05-01T00:00:00,2011-12-01T00:00:00,Departure,International,Freight,38754
576,2014-05-01T00:00:00,2011-12-01T00:00:00,Departure,International,Mail,2734
577,2014-05-01T00:00:00,2012-01-01T00:00:00,Arrival,Domestic,Freight,27060
578,2014-05-01T00:00:00,2012-01-01T00:00:00,Arrival,Domestic,Mail,2014
579,2014-05-01T00:00:00,2012-01-01T00:00:00,Arrival,International,Freight,42489
580,2014-05-01T00:00:00,2012-01-01T00:00:00,Arrival,International,Mail,531
581,2014-05-01T00:00:00,2012-01-01T00:00:00,Departure,Domestic,Freight,29735
582,2014-05-01T00:00:00,2012-01-01T00:00:00,Departure,Domestic,Mail,2823
583,2014-05-01T00:00:00,2012-01-01T00:00:00,Departure,International,Freight,33399
584,2014-05-01T00:00:00,2012-01-01T00:00:00,Departure,International,Mail,1992
585,2014-05-01T00:00:00,2012-02-01T00:00:00,Arrival,Domestic,Freight,28181
586,2014-05-01T00:00:00,2012-02-01T00:00:00,Arrival,Domestic,Mail,1788
587,2014-05-01T00:00:00,2012-02-01T00:00:00,Arrival,International,Freight,45230
588,2014-05-01T00:00:00,2012-02-01T00:00:00,Arrival,International,Mail,514
589,2014-05-01T00:00:00,2012-02-01T00:00:00,Departure,Domestic,Freight,32269
590,2014-05-01T00:00:00,2012-02-01T00:00:00,Departure,Domestic,Mail,2404
591,2014-05-01T00:00:00,2012-02-01T00:00:00,Departure,International,Freight,39297
592,2014-05-01T00:00:00,2012-02-01T00:00:00,Departure,International,Mail,1655
593,2014-05-01T00:00:00,2012-03-01T00:00:00,Arrival,Domestic,Freight,34680
594,2014-05-01T00:00:00,2012-03-01T00:00:00,Arrival,Domestic,Mail,1989
595,2014-05-01T00:00:00,2012-03-01T00:00:00,Arrival,International,Freight,55163
596,2014-05-01T00:00:00,2012-03-01T00:00:00,Arrival,International,Mail,592
597,2014-05-01T00:00:00,2012-03-01T00:00:00,Departure,Domestic,Freight,35043
598,2014-05-01T00:00:00,2012-03-01T00:00:00,Departure,Domestic,Mail,2711
599,2014-05-01T00:00:00,2012-03-01T00:00:00,Departure,International,Freight,43686
600,2014-05-01T00:00:00,2012-03-01T00:00:00,Departure,International,Mail,2348
601,2014-05-01T00:00:00,2012-04-01T00:00:00,Arrival,Domestic,Freight,28691
602,2014-05-01T00:00:00,2012-04-01T00:00:00,Arrival,Domestic,Mail,2017
603,2014-05-01T00:00:00,2012-04-01T00:00:00,Arrival,International,Freight,51781
604,2014-05-01T00:00:00,2012-04-01T00:00:00,Arrival,International,Mail,490
605,2014-05-01T00:00:00,2012-04-01T00:00:00,Departure,Domestic,Freight,31880
606,2014-05-01T00:00:00,2012-04-01T00:00:00,Departure,Domestic,Mail,2545
607,2014-05-01T00:00:00,2012-04-01T00:00:00,Departure,International,Freight,38709
608,2014-05-01T00:00:00,2012-04-01T00:00:00,Departure,International,Mail,1972
609,2014-05-01T00:00:00,2012-05-01T00:00:00,Arrival,Domestic,Freight,33063
610,2014-05-01T00:00:00,2012-05-01T00:00:00,Arrival,Domestic,Mail,2003
611,2014-05-01T00:00:00,2012-05-01T00:00:00,Arrival,International,Freight,50212
612,2014-05-01T00:00:00,2012-05-01T00:00:00,Arrival,International,Mail,588
613,2014-05-01T00:00:00,2012-05-01T00:00:00,Departure,Domestic,Freight,36929
614,2014-05-01T00:00:00,2012-05-01T00:00:00,Departure,Domestic,Mail,2589
615,2014-05-01T00:00:00,2012-05-01T00:00:00,Departure,International,Freight,41986
616,2014-05-01T00:00:00,2012-05-01T00:00:00,Departure,International,Mail,1913
617,2014-05-01T00:00:00,2012-06-01T00:00:00,Arrival,Domestic,Freight,29260
618,2014-05-01T00:00:00,2012-06-01T00:00:00,Arrival,Domestic,Mail,1815
619,2014-05-01T00:00:00,2012-06-01T00:00:00,Arrival,International,Freight,49513
620,2014-05-01T00:00:00,2012-06-01T00:00:00,Arrival,International,Mail,561
621,2014-05-01T00:00:00,2012-06-01T00:00:00,Departure,Domestic,Freight,34248
622,2014-05-01T00:00:00,2012-06-01T00:00:00,Departure,Domestic,Mail,2928
623,2014-05-01T00:00:00,2012-06-01T00:00:00,Departure,International,Freight,45412
624,2014-05-01T00:00:00,2012-06-01T00:00:00,Departure,International,Mail,1806
625,2014-05-01T00:00:00,2012-07-01T00:00:00,Arrival,Domestic,Freight,27875
626,2014-05-01T00:00:00,2012-07-01T00:00:00,Arrival,Domestic,Mail,1863
627,2014-05-01T00:00:00,2012-07-01T00:00:00,Arrival,International,Freight,47855
628,2014-05-01T00:00:00,2012-07-01T00:00:00,Arrival,International,Mail,756
629,2014-05-01T00:00:00,2012-07-01T00:00:00,Departure,Domestic,Freight,31102
630,2014-05-01T00:00:00,2012-07-01T00:00:00,Departure,Domestic,Mail,2665
631,2014-05-01T00:00:00,2012-07-01T00:00:00,Departure,International,Freight,47265
632,2014-05-01T00:00:00,2012-07-01T00:00:00,Departure,International,Mail,2746
633,2014-05-01T00:00:00,2012-08-01T00:00:00,Arrival,Domestic,Freight,30188
634,2014-05-01T00:00:00,2012-08-01T00:00:00,Arrival,Domestic,Mail,2177
635,2014-05-01T00:00:00,2012-08-01T00:00:00,Arrival,International,Freight,51887
636,2014-05-01T00:00:00,2012-08-01T00:00:00,Arrival,International,Mail,927
637,2014-05-01T00:00:00,2012-08-01T00:00:00,Departure,Domestic,Freight,32810
638,2014-05-01T00:00:00,2012-08-01T00:00:00,Departure,Domestic,Mail,2582
639,2014-05-01T00:00:00,2012-08-01T00:00:00,Departure,International,Freight,44902
640,2014-05-01T00:00:00,2012-08-01T00:00:00,Departure,International,Mail,1991
641,2014-05-01T00:00:00,2012-09-01T00:00:00,Arrival,Domestic,Freight,29022
642,2014-05-01T00:00:00,2012-09-01T00:00:00,Arrival,Domestic,Mail,1990
643,2014-05-01T00:00:00,2012-09-01T00:00:00,Arrival,International,Freight,50889
644,2014-05-01T00:00:00,2012-09-01T00:00:00,Arrival,International,Mail,592
645,2014-05-01T00:00:00,2012-09-01T00:00:00,Departure,Domestic,Freight,31324
646,2014-05-01T00:00:00,2012-09-01T00:00:00,Departure,Domestic,Mail,2661
647,2014-05-01T00:00:00,2012-09-01T00:00:00,Departure,International,Freight,38929
648,2014-05-01T00:00:00,2012-09-01T00:00:00,Departure,International,Mail,1949
649,2014-05-01T00:00:00,2012-10-01T00:00:00,Arrival,Domestic,Freight,29620
650,2014-05-01T00:00:00,2012-10-01T00:00:00,Arrival,Domestic,Mail,2025
651,2014-05-01T00:00:00,2012-10-01T00:00:00,Arrival,International,Freight,56201
652,2014-05-01T00:00:00,2012-10-01T00:00:00,Arrival,International,Mail,682
653,2014-05-01T00:00:00,2012-10-01T00:00:00,Departure,Domestic,Freight,35869
654,2014-05-01T00:00:00,2012-10-01T00:00:00,Departure,Domestic,Mail,2782
655,2014-05-01T00:00:00,2012-10-01T00:00:00,Departure,International,Freight,39754
656,2014-05-01T00:00:00,2012-10-01T00:00:00,Departure,International,Mail,2091
657,2014-05-01T00:00:00,2012-11-01T00:00:00,Arrival,Domestic,Freight,33455
658,2014-05-01T00:00:00,2012-11-01T00:00:00,Arrival,Domestic,Mail,2028
659,2014-05-01T00:00:00,2012-11-01T00:00:00,Arrival,International,Freight,58079
660,2014-05-01T00:00:00,2012-11-01T00:00:00,Arrival,International,Mail,757
661,2014-05-01T00:00:00,2012-11-01T00:00:00,Departure,Domestic,Freight,34767
662,2014-05-01T00:00:00,2012-11-01T00:00:00,Departure,Domestic,Mail,2551
663,2014-05-01T00:00:00,2012-11-01T00:00:00,Departure,International,Freight,36282
664,2014-05-01T00:00:00,2012-11-01T00:00:00,Departure,International,Mail,1831
665,2014-05-01T00:00:00,2012-12-01T00:00:00,Arrival,Domestic,Freight,34853
666,2014-05-01T00:00:00,2012-12-01T00:00:00,Arrival,Domestic,Mail,1196
667,2014-05-01T00:00:00,2012-12-01T00:00:00,Arrival,International,Freight,49967
668,2014-05-01T00:00:00,2012-12-01T00:00:00,Arrival,International,Mail,3343
669,2014-05-01T00:00:00,2012-12-01T00:00:00,Departure,Domestic,Freight,37422
670,2014-05-01T00:00:00,2012-12-01T00:00:00,Departure,Domestic,Mail,1618
671,2014-05-01T00:00:00,2012-12-01T00:00:00,Departure,International,Freight,38894
672,2014-05-01T00:00:00,2012-12-01T00:00:00,Departure,International,Mail,2022
673,2014-05-01T00:00:00,2013-01-01T00:00:00,Arrival,Domestic,Freight,31180
674,2014-05-01T00:00:00,2013-01-01T00:00:00,Arrival,Domestic,Mail,1230
675,2014-05-01T00:00:00,2013-01-01T00:00:00,Arrival,International,Freight,42258
676,2014-05-01T00:00:00,2013-01-01T00:00:00,Arrival,International,Mail,557
677,2014-05-01T00:00:00,2013-01-01T00:00:00,Departure,Domestic,Freight,32467
678,2014-05-01T00:00:00,2013-01-01T00:00:00,Departure,Domestic,Mail,1560
679,2014-05-01T00:00:00,2013-01-01T00:00:00,Departure,International,Freight,35035
680,2014-05-01T00:00:00,2013-01-01T00:00:00,Departure,International,Mail,1625
681,2014-05-01T00:00:00,2013-02-01T00:00:00,Arrival,Domestic,Freight,27329
682,2014-05-01T00:00:00,2013-02-01T00:00:00,Arrival,Domestic,Mail,988
683,2014-05-01T00:00:00,2013-02-01T00:00:00,Arrival,International,Freight,43435
684,2014-05-01T00:00:00,2013-02-01T00:00:00,Arrival,International,Mail,533
685,2014-05-01T00:00:00,2013-02-01T00:00:00,Departure,Domestic,Freight,31779
686,2014-05-01T00:00:00,2013-02-01T00:00:00,Departure,Domestic,Mail,1431
687,2014-05-01T00:00:00,2013-02-01T00:00:00,Departure,International,Freight,35523
688,2014-05-01T00:00:00,2013-02-01T00:00:00,Departure,International,Mail,1495
689,2014-05-01T00:00:00,2013-03-01T00:00:00,Arrival,Domestic,Freight,32057
690,2014-05-01T00:00:00,2013-03-01T00:00:00,Arrival,Domestic,Mail,1059
691,2014-05-01T00:00:00,2013-03-01T00:00:00,Arrival,International,Freight,54005
692,2014-05-01T00:00:00,2013-03-01T00:00:00,Arrival,International,Mail,639
693,2014-05-01T00:00:00,2013-03-01T00:00:00,Departure,Domestic,Freight,35331
694,2014-05-01T00:00:00,2013-03-01T00:00:00,Departure,Domestic,Mail,1795
695,2014-05-01T00:00:00,2013-03-01T00:00:00,Departure,International,Freight,42411
696,2014-05-01T00:00:00,2013-03-01T00:00:00,Departure,International,Mail,4497
697,2014-05-01T00:00:00,2013-04-01T00:00:00,Arrival,Domestic,Freight,28074
698,2014-05-01T00:00:00,2013-04-01T00:00:00,Arrival,Domestic,Mail,1812
699,2014-05-01T00:00:00,2013-04-01T00:00:00,Arrival,International,Freight,49687
700,2014-05-01T00:00:00,2013-04-01T00:00:00,Arrival,International,Mail,688
701,2014-05-01T00:00:00,2013-04-01T00:00:00,Departure,Domestic,Freight,33328
702,2014-05-01T00:00:00,2013-04-01T00:00:00,Departure,Domestic,Mail,2311
703,2014-05-01T00:00:00,2013-04-01T00:00:00,Departure,International,Freight,37758
704,2014-05-01T00:00:00,2013-04-01T00:00:00,Departure,International,Mail,1643
705,2014-05-01T00:00:00,2013-05-01T00:00:00,Arrival,Domestic,Freight,29904
706,2014-05-01T00:00:00,2013-05-01T00:00:00,Arrival,Domestic,Mail,1863
707,2014-05-01T00:00:00,2013-05-01T00:00:00,Arrival,International,Freight,53287
708,2014-05-01T00:00:00,2013-05-01T00:00:00,Arrival,International,Mail,747
709,2014-05-01T00:00:00,2013-05-01T00:00:00,Departure,Domestic,Freight,35943
710,2014-05-01T00:00:00,2013-05-01T00:00:00,Departure,Domestic,Mail,2347
711,2014-05-01T00:00:00,2013-05-01T00:00:00,Departure,International,Freight,44849
712,2014-05-01T00:00:00,2013-05-01T00:00:00,Departure,International,Mail,1719
713,2014-05-01T00:00:00,2013-06-01T00:00:00,Arrival,Domestic,Freight,28802
714,2014-05-01T00:00:00,2013-06-01T00:00:00,Arrival,Domestic,Mail,1363
715,2014-05-01T00:00:00,2013-06-01T00:00:00,Arrival,International,Freight,51779
716,2014-05-01T00:00:00,2013-06-01T00:00:00,Arrival,International,Mail,759
717,2014-05-01T00:00:00,2013-06-01T00:00:00,Departure,Domestic,Freight,34021
718,2014-05-01T00:00:00,2013-06-01T00:00:00,Departure,Domestic,Mail,1796
719,2014-05-01T00:00:00,2013-06-01T00:00:00,Departure,International,Freight,44415
720,2014-05-01T00:00:00,2013-06-01T00:00:00,Departure,International,Mail,1646
721,2014-05-01T00:00:00,2013-07-01T00:00:00,Arrival,Domestic,Freight,27645
722,2014-05-01T00:00:00,2013-07-01T00:00:00,Arrival,Domestic,Mail,1605
723,2014-05-01T00:00:00,2013-07-01T00:00:00,Arrival,International,Freight,48982
724,2014-05-01T00:00:00,2013-07-01T00:00:00,Arrival,International,Mail,782
725,2014-05-01T00:00:00,2013-07-01T00:00:00,Departure,Domestic,Freight,34195
726,2014-05-01T00:00:00,2013-07-01T00:00:00,Departure,Domestic,Mail,2011
727,2014-05-01T00:00:00,2013-07-01T00:00:00,Departure,International,Freight,43119
728,2014-05-01T00:00:00,2013-07-01T00:00:00,Departure,International,Mail,1547
729,2014-05-01T00:00:00,2013-08-01T00:00:00,Arrival,Domestic,Freight,29052
730,2014-05-01T00:00:00,2013-08-01T00:00:00,Arrival,Domestic,Mail,1754
731,2014-05-01T00:00:00,2013-08-01T00:00:00,Arrival,International,Freight,50307
732,2014-05-01T00:00:00,2013-08-01T00:00:00,Arrival,International,Mail,732
733,2014-05-01T00:00:00,2013-08-01T00:00:00,Departure,Domestic,Freight,33877
734,2014-05-01T00:00:00,2013-08-01T00:00:00,Departure,Domestic,Mail,2248
735,2014-05-01T00:00:00,2013-08-01T00:00:00,Departure,International,Freight,42124
736,2014-05-01T00:00:00,2013-08-01T00:00:00,Departure,International,Mail,1760
737,2014-05-01T00:00:00,2013-09-01T00:00:00,Arrival,Domestic,Freight,27181
738,2014-05-01T00:00:00,2013-09-01T00:00:00,Arrival,Domestic,Mail,1816
739,2014-05-01T00:00:00,2013-09-01T00:00:00,Arrival,International,Freight,50133
740,2014-05-01T00:00:00,2013-09-01T00:00:00,Arrival,International,Mail,749
741,2014-05-01T00:00:00,2013-09-01T00:00:00,Departure,Domestic,Freight,31506
742,2014-05-01T00:00:00,2013-09-01T00:00:00,Departure,Domestic,Mail,2098
743,2014-05-01T00:00:00,2013-09-01T00:00:00,Departure,International,Freight,39513
744,2014-05-01T00:00:00,2013-09-01T00:00:00,Departure,International,Mail,3384
745,2014-05-01T00:00:00,2013-10-01T00:00:00,Arrival,Domestic,Freight,31204
746,2014-05-01T00:00:00,2013-10-01T00:00:00,Arrival,Domestic,Mail,1969
747,2014-05-01T00:00:00,2013-10-01T00:00:00,Arrival,International,Freight,53301
748,2014-05-01T00:00:00,2013-10-01T00:00:00,Arrival,International,Mail,830
749,2014-05-01T00:00:00,2013-10-01T00:00:00,Departure,Domestic,Freight,35759
750,2014-05-01T00:00:00,2013-10-01T00:00:00,Departure,Domestic,Mail,2168
751,2014-05-01T00:00:00,2013-10-01T00:00:00,Departure,International,Freight,41315
752,2014-05-01T00:00:00,2013-10-01T00:00:00,Departure,International,Mail,1392
753,2014-05-01T00:00:00,2013-11-01T00:00:00,Arrival,Domestic,Freight,29972
754,2014-05-01T00:00:00,2013-11-01T00:00:00,Arrival,Domestic,Mail,2006
755,2014-05-01T00:00:00,2013-11-01T00:00:00,Arrival,International,Freight,53582
756,2014-05-01T00:00:00,2013-11-01T00:00:00,Arrival,International,Mail,951
757,2014-05-01T00:00:00,2013-11-01T00:00:00,Departure,Domestic,Freight,34119
758,2014-05-01T00:00:00,2013-11-01T00:00:00,Departure,Domestic,Mail,2413
759,2014-05-01T00:00:00,2013-11-01T00:00:00,Departure,International,Freight,45092
760,2014-05-01T00:00:00,2013-11-01T00:00:00,Departure,International,Mail,1262
761,2014-05-01T00:00:00,2013-12-01T00:00:00,Arrival,Domestic,Freight,31540
762,2014-05-01T00:00:00,2013-12-01T00:00:00,Arrival,Domestic,Mail,2221
763,2014-05-01T00:00:00,2013-12-01T00:00:00,Arrival,International,Freight,46930
764,2014-05-01T00:00:00,2013-12-01T00:00:00,Arrival,International,Mail,1079
765,2014-05-01T00:00:00,2013-12-01T00:00:00,Departure,Domestic,Freight,36529
766,2014-05-01T00:00:00,2013-12-01T00:00:00,Departure,Domestic,Mail,2787
767,2014-05-01T00:00:00,2013-12-01T00:00:00,Departure,International,Freight,39612
768,2014-05-01T00:00:00,2013-12-01T00:00:00,Departure,International,Mail,1597
769,2014-05-01T00:00:00,2014-01-01T00:00:00,Arrival,Domestic,Freight,28425
770,2014-05-01T00:00:00,2014-01-01T00:00:00,Arrival,Domestic,Mail,1932
771,2014-05-01T00:00:00,2014-01-01T00:00:00,Arrival,International,Freight,43244
772,2014-05-01T00:00:00,2014-01-01T00:00:00,Arrival,International,Mail,796
773,2014-05-01T00:00:00,2014-01-01T00:00:00,Departure,Domestic,Freight,33246
774,2014-05-01T00:00:00,2014-01-01T00:00:00,Departure,Domestic,Mail,2312
775,2014-05-01T00:00:00,2014-01-01T00:00:00,Departure,International,Freight,37627
776,2014-05-01T00:00:00,2014-01-01T00:00:00,Departure,International,Mail,1149
777,2014-05-01T00:00:00,2014-02-01T00:00:00,Arrival,Domestic,Freight,25403
778,2014-05-01T00:00:00,2014-02-01T00:00:00,Arrival,Domestic,Mail,1694
779,2014-05-01T00:00:00,2014-02-01T00:00:00,Arrival,International,Freight,34404
780,2014-05-01T00:00:00,2014-02-01T00:00:00,Arrival,International,Mail,729
781,2014-05-01T00:00:00,2014-02-01T00:00:00,Departure,Domestic,Freight,31422
782,2014-05-01T00:00:00,2014-02-01T00:00:00,Departure,Domestic,Mail,2257
783,2014-05-01T00:00:00,2014-02-01T00:00:00,Departure,International,Freight,36253
784,2014-05-01T00:00:00,2014-02-01T00:00:00,Departure,International,Mail,1085
785,2014-05-01T00:00:00,2014-03-01T00:00:00,Arrival,Domestic,Freight,29729
786,2014-05-01T00:00:00,2014-03-01T00:00:00,Arrival,Domestic,Mail,1825
787,2014-05-01T00:00:00,2014-03-01T00:00:00,Arrival,International,Freight,53802
788,2014-05-01T00:00:00,2014-03-01T00:00:00,Arrival,International,Mail,756
789,2014-05-01T00:00:00,2014-03-01T00:00:00,Departure,Domestic,Freight,34766
790,2014-05-01T00:00:00,2014-03-01T00:00:00,Departure,Domestic,Mail,2250
791,2014-05-01T00:00:00,2014-03-01T00:00:00,Departure,International,Freight,46429
792,2014-05-01T00:00:00,2014-03-01T00:00:00,Departure,International,Mail,1149
793,2014-07-18T00:00:00,2014-04-01T00:00:00,Arrival,Domestic,Freight,29398
794,2014-07-18T00:00:00,2014-04-01T00:00:00,Arrival,Domestic,Mail,1762
795,2014-07-18T00:00:00,2014-04-01T00:00:00,Arrival,International,Freight,50368
796,2014-07-18T00:00:00,2014-04-01T00:00:00,Arrival,International,Mail,788
797,2014-07-18T00:00:00,2014-04-01T00:00:00,Departure,Domestic,Freight,33912
798,2014-07-18T00:00:00,2014-04-01T00:00:00,Departure,Domestic,Mail,2214
799,2014-07-18T00:00:00,2014-04-01T00:00:00,Departure,International,Freight,42242
800,2014-07-18T00:00:00,2014-04-01T00:00:00,Departure,International,Mail,1177
801,2014-07-18T00:00:00,2014-05-01T00:00:00,Arrival,Domestic,Freight,29766
802,2014-07-18T00:00:00,2014-05-01T00:00:00,Arrival,Domestic,Mail,1888
803,2014-07-18T00:00:00,2014-05-01T00:00:00,Arrival,International,Freight,56111
804,2014-07-18T00:00:00,2014-05-01T00:00:00,Arrival,International,Mail,874
805,2014-07-18T00:00:00,2014-05-01T00:00:00,Departure,Domestic,Freight,34526
806,2014-07-18T00:00:00,2014-05-01T00:00:00,Departure,Domestic,Mail,2207
807,2014-07-18T00:00:00,2014-05-01T00:00:00,Departure,International,Freight,43812
808,2014-07-18T00:00:00,2014-05-01T00:00:00,Departure,International,Mail,1481
809,2014-08-15T09:39:18,2014-06-01T00:00:00,Arrival,Domestic,Freight,29851
810,2014-08-15T09:39:18,2014-06-01T00:00:00,Arrival,Domestic,Mail,1511
811,2014-08-15T09:39:18,2014-06-01T00:00:00,Arrival,International,Freight,53659
812,2014-08-15T09:39:18,2014-06-01T00:00:00,Arrival,International,Mail,787
813,2014-08-15T09:39:18,2014-06-01T00:00:00,Departure,Domestic,Freight,33632
814,2014-08-15T09:39:18,2014-06-01T00:00:00,Departure,Domestic,Mail,1798
815,2014-08-15T09:39:18,2014-06-01T00:00:00,Departure,International,Freight,44119
816,2014-08-15T09:39:18,2014-06-01T00:00:00,Departure,International,Mail,1181
817,2014-09-15T07:00:09,2014-07-01T00:00:00,Arrival,Domestic,Freight,30634
818,2014-09-15T07:00:09,2014-07-01T00:00:00,Arrival,Domestic,Mail,1721
819,2014-09-15T07:00:09,2014-07-01T00:00:00,Arrival,International,Freight,55208
820,2014-09-15T07:00:09,2014-07-01T00:00:00,Arrival,International,Mail,783
821,2014-09-15T07:00:09,2014-07-01T00:00:00,Departure,Domestic,Freight,34950
822,2014-09-15T07:00:09,2014-07-01T00:00:00,Departure,Domestic,Mail,1876
823,2014-09-15T07:00:09,2014-07-01T00:00:00,Departure,International,Freight,47151
824,2014-09-15T07:00:09,2014-07-01T00:00:00,Departure,International,Mail,1194
825,2014-10-15T08:00:09,2014-08-01T00:00:00,Arrival,Domestic,Freight,28572
826,2014-10-15T08:00:09,2014-08-01T00:00:00,Arrival,Domestic,Mail,1904
827,2014-10-15T08:00:09,2014-08-01T00:00:00,Arrival,International,Freight,53162
828,2014-10-15T08:00:09,2014-08-01T00:00:00,Arrival,International,Mail,774
829,2014-10-15T08:00:09,2014-08-01T00:00:00,Departure,Domestic,Freight,33695
830,2014-10-15T08:00:09,2014-08-01T00:00:00,Departure,Domestic,Mail,2076
831,2014-10-15T08:00:09,2014-08-01T00:00:00,Departure,International,Freight,47486
832,2014-10-15T08:00:09,2014-08-01T00:00:00,Departure,International,Mail,1229
833,2014-11-15T08:00:12,2014-09-01T00:00:00,Arrival,Domestic,Freight,28251
834,2014-11-15T08:00:12,2014-09-01T00:00:00,Arrival,Domestic,Mail,1846
835,2014-11-15T08:00:12,2014-09-01T00:00:00,Arrival,International,Freight,53341
836,2014-11-15T08:00:12,2014-09-01T00:00:00,Arrival,International,Mail,931
837,2014-11-15T08:00:12,2014-09-01T00:00:00,Departure,Domestic,Freight,33028
838,2014-11-15T08:00:12,2014-09-01T00:00:00,Departure,Domestic,Mail,2128
839,2014-11-15T08:00:12,2014-09-01T00:00:00,Departure,International,Freight,40745
840,2014-11-15T08:00:12,2014-09-01T00:00:00,Departure,International,Mail,1106
841,2014-12-15T08:00:10,2014-10-01T00:00:00,Arrival,Domestic,Freight,32987
842,2014-12-15T08:00:10,2014-10-01T00:00:00,Arrival,Domestic,Mail,2211
843,2014-12-15T08:00:10,2014-10-01T00:00:00,Arrival,International,Freight,61391
844,2014-12-15T08:00:10,2014-10-01T00:00:00,Arrival,International,Mail,904
845,2014-12-15T08:00:10,2014-10-01T00:00:00,Departure,Domestic,Freight,37560
846,2014-12-15T08:00:10,2014-10-01T00:00:00,Departure,Domestic,Mail,2448
847,2014-12-15T08:00:10,2014-10-01T00:00:00,Departure,International,Freight,42233
848,2014-12-15T08:00:10,2014-10-01T00:00:00,Departure,International,Mail,1347
849,2015-01-15T08:00:16,2014-11-01T00:00:00,Arrival,Domestic,Freight,32704
850,2015-01-15T08:00:16,2014-11-01T00:00:00,Arrival,Domestic,Mail,2205
851,2015-01-15T08:00:16,2014-11-01T00:00:00,Arrival,International,Freight,67328
852,2015-01-15T08:00:16,2014-11-01T00:00:00,Arrival,International,Mail,1047
853,2015-01-15T08:00:16,2014-11-01T00:00:00,Departure,Domestic,Freight,34343
854,2015-01-15T08:00:16,2014-11-01T00:00:00,Departure,Domestic,Mail,2542
855,2015-01-15T08:00:16,2014-11-01T00:00:00,Departure,International,Freight,42026
856,2015-01-15T08:00:16,2014-11-01T00:00:00,Departure,International,Mail,1457
857,2015-02-15T08:00:17,2014-12-01T00:00:00,Departure,International,Mail,1630
858,2015-02-15T08:00:17,2014-12-01T00:00:00,Arrival,Domestic,Freight,32239
859,2015-02-15T08:00:17,2014-12-01T00:00:00,Arrival,Domestic,Mail,3984
860,2015-02-15T08:00:17,2014-12-01T00:00:00,Arrival,International,Freight,56676
861,2015-02-15T08:00:17,2014-12-01T00:00:00,Arrival,International,Mail,1135
862,2015-02-15T08:00:17,2014-12-01T00:00:00,Departure,Domestic,Freight,37457
863,2015-02-15T08:00:17,2014-12-01T00:00:00,Departure,Domestic,Mail,5746
864,2015-02-15T08:00:17,2014-12-01T00:00:00,Departure,International,Freight,41538
865,2015-03-16T08:39:41,2015-01-01T00:00:00,Arrival,Domestic,Freight,27387
866,2015-03-16T08:39:41,2015-01-01T00:00:00,Arrival,Domestic,Mail,2505
867,2015-03-16T08:39:41,2015-01-01T00:00:00,Arrival,International,Freight,53836
868,2015-03-16T08:39:41,2015-01-01T00:00:00,Arrival,International,Mail,948
869,2015-03-16T08:39:41,2015-01-01T00:00:00,Departure,Domestic,Freight,33249
870,2015-03-16T08:39:41,2015-01-01T00:00:00,Departure,Domestic,Mail,2837
871,2015-03-16T08:39:41,2015-01-01T00:00:00,Departure,International,Freight,45325
872,2015-03-16T08:39:41,2015-01-01T00:00:00,Departure,International,Mail,1224
873,2015-04-15T08:00:11,2015-02-01T00:00:00,Arrival,Domestic,Freight,28385
874,2015-04-15T08:00:11,2015-02-01T00:00:00,Arrival,Domestic,Mail,2309
875,2015-04-15T08:00:11,2015-02-01T00:00:00,Arrival,International,Freight,52702
876,2015-04-15T08:00:11,2015-02-01T00:00:00,Arrival,International,Mail,754
877,2015-04-15T08:00:11,2015-02-01T00:00:00,Departure,Domestic,Freight,33369
878,2015-04-15T08:00:11,2015-02-01T00:00:00,Departure,Domestic,Mail,2473
879,2015-04-15T08:00:11,2015-02-01T00:00:00,Departure,International,Freight,41121
880,2015-04-15T08:00:11,2015-02-01T00:00:00,Departure,International,Mail,1047
881,2015-05-15T08:00:08,2015-03-01T00:00:00,Arrival,Domestic,Freight,31644
882,2015-05-15T08:00:08,2015-03-01T00:00:00,Arrival,Domestic,Mail,2521
883,2015-05-15T08:00:08,2015-03-01T00:00:00,Arrival,International,Freight,66136
884,2015-05-15T08:00:08,2015-03-01T00:00:00,Arrival,International,Mail,944
885,2015-05-15T08:00:08,2015-03-01T00:00:00,Departure,Domestic,Freight,35875
886,2015-05-15T08:00:08,2015-03-01T00:00:00,Departure,Domestic,Mail,2573
887,2015-05-15T08:00:08,2015-03-01T00:00:00,Departure,International,Freight,52261
888,2015-05-15T08:00:08,2015-03-01T00:00:00,Departure,International,Mail,1749
889,2015-06-15T08:00:11,2015-04-01T00:00:00,Arrival,Domestic,Freight,28652
890,2015-06-15T08:00:11,2015-04-01T00:00:00,Arrival,Domestic,Mail,2508
891,2015-06-15T08:00:11,2015-04-01T00:00:00,Arrival,International,Freight,58884
892,2015-06-15T08:00:11,2015-04-01T00:00:00,Arrival,International,Mail,971
893,2015-06-15T08:00:11,2015-04-01T00:00:00,Departure,Domestic,Freight,34782
894,2015-06-15T08:00:11,2015-04-01T00:00:00,Departure,Domestic,Mail,2663
895,2015-06-15T08:00:11,2015-04-01T00:00:00,Departure,International,Freight,45079
896,2015-06-15T08:00:11,2015-04-01T00:00:00,Departure,International,Mail,1122
897,2015-07-15T08:00:14,2015-05-01T00:00:00,Arrival,Domestic,Freight,29455
898,2015-07-15T08:00:14,2015-05-01T00:00:00,Arrival,Domestic,Mail,2428
899,2015-07-15T08:00:14,2015-05-01T00:00:00,Arrival,International,Freight,59020
900,2015-07-15T08:00:14,2015-05-01T00:00:00,Arrival,International,Mail,866
901,2015-07-15T08:00:14,2015-05-01T00:00:00,Departure,Domestic,Freight,34953
902,2015-07-15T08:00:14,2015-05-01T00:00:00,Departure,Domestic,Mail,2709
903,2015-07-15T08:00:14,2015-05-01T00:00:00,Departure,International,Freight,53578
904,2015-07-15T08:00:14,2015-05-01T00:00:00,Departure,International,Mail,1425
905,2015-08-15T08:00:09,2015-06-01T00:00:00,Arrival,Domestic,Freight,28286
906,2015-08-15T08:00:09,2015-06-01T00:00:00,Arrival,Domestic,Mail,2391
907,2015-08-15T08:00:09,2015-06-01T00:00:00,Arrival,International,Freight,56134
908,2015-08-15T08:00:09,2015-06-01T00:00:00,Arrival,International,Mail,898
909,2015-08-15T08:00:09,2015-06-01T00:00:00,Departure,Domestic,Freight,34419
910,2015-08-15T08:00:09,2015-06-01T00:00:00,Departure,Domestic,Mail,2578
911,2015-08-15T08:00:09,2015-06-01T00:00:00,Departure,International,Freight,47532
912,2015-08-15T08:00:09,2015-06-01T00:00:00,Departure,International,Mail,1120
913,2015-09-15T08:00:15,2015-07-01T00:00:00,Arrival,Domestic,Freight,28449
914,2015-09-15T08:00:15,2015-07-01T00:00:00,Arrival,Domestic,Mail,2520
915,2015-09-15T08:00:15,2015-07-01T00:00:00,Arrival,International,Freight,55514
916,2015-09-15T08:00:15,2015-07-01T00:00:00,Arrival,International,Mail,1041
917,2015-09-15T08:00:15,2015-07-01T00:00:00,Departure,Domestic,Freight,35797
918,2015-09-15T08:00:15,2015-07-01T00:00:00,Departure,Domestic,Mail,2710
919,2015-09-15T08:00:15,2015-07-01T00:00:00,Departure,International,Freight,46691
920,2015-09-15T08:00:15,2015-07-01T00:00:00,Departure,International,Mail,1101
921,2015-10-15T08:00:09,2015-08-01T00:00:00,Arrival,Domestic,Freight,29341
922,2015-10-15T08:00:09,2015-08-01T00:00:00,Arrival,Domestic,Mail,2511
923,2015-10-15T08:00:09,2015-08-01T00:00:00,Arrival,International,Freight,58245
924,2015-10-15T08:00:09,2015-08-01T00:00:00,Arrival,International,Mail,870
925,2015-10-15T08:00:09,2015-08-01T00:00:00,Departure,Domestic,Freight,35523
926,2015-10-15T08:00:09,2015-08-01T00:00:00,Departure,Domestic,Mail,2602
927,2015-10-15T08:00:09,2015-08-01T00:00:00,Departure,International,Freight,43303
928,2015-10-15T08:00:09,2015-08-01T00:00:00,Departure,International,Mail,1146
929,2015-11-15T08:00:08,2015-09-01T00:00:00,Arrival,Domestic,Freight,29198
930,2015-11-15T08:00:08,2015-09-01T00:00:00,Arrival,Domestic,Mail,2505
931,2015-11-15T08:00:08,2015-09-01T00:00:00,Arrival,International,Freight,59034
932,2015-11-15T08:00:08,2015-09-01T00:00:00,Arrival,International,Mail,1097
933,2015-11-15T08:00:08,2015-09-01T00:00:00,Departure,Domestic,Freight,37184
934,2015-11-15T08:00:08,2015-09-01T00:00:00,Departure,Domestic,Mail,2509
935,2015-11-15T08:00:08,2015-09-01T00:00:00,Departure,International,Freight,41108
936,2015-11-15T08:00:08,2015-09-01T00:00:00,Departure,International,Mail,1131
937,2015-12-15T08:00:12,2015-10-01T00:00:00,Arrival,Domestic,Freight,31923
938,2015-12-15T08:00:12,2015-10-01T00:00:00,Arrival,Domestic,Mail,2580
939,2015-12-15T08:00:12,2015-10-01T00:00:00,Arrival,International,Freight,61425
940,2015-12-15T08:00:12,2015-10-01T00:00:00,Arrival,International,Mail,1483
941,2015-12-15T08:00:12,2015-10-01T00:00:00,Departure,Domestic,Freight,34827
942,2015-12-15T08:00:12,2015-10-01T00:00:00,Departure,Domestic,Mail,2710
943,2015-12-15T08:00:12,2015-10-01T00:00:00,Departure,International,Freight,47470
944,2015-12-15T08:00:12,2015-10-01T00:00:00,Departure,International,Mail,1349
945,2016-01-15T08:00:08,2015-11-01T00:00:00,Arrival,Domestic,Freight,29762
946,2016-01-15T08:00:08,2015-11-01T00:00:00,Arrival,Domestic,Mail,2200
947,2016-01-15T08:00:08,2015-11-01T00:00:00,Arrival,International,Freight,65627
948,2016-01-15T08:00:08,2015-11-01T00:00:00,Arrival,International,Mail,1613
949,2016-01-15T08:00:08,2015-11-01T00:00:00,Departure,Domestic,Freight,34325
950,2016-01-15T08:00:08,2015-11-01T00:00:00,Departure,Domestic,Mail,2395
951,2016-01-15T08:00:08,2015-11-01T00:00:00,Departure,International,Freight,43300
952,2016-01-15T08:00:08,2015-11-01T00:00:00,Departure,International,Mail,1375
953,2016-02-15T08:00:12,2015-12-01T00:00:00,Arrival,Domestic,Freight,33482
954,2016-02-15T08:00:12,2015-12-01T00:00:00,Arrival,Domestic,Mail,4370
955,2016-02-15T08:00:12,2015-12-01T00:00:00,Arrival,International,Freight,55635
956,2016-02-15T08:00:12,2015-12-01T00:00:00,Arrival,International,Mail,1633
957,2016-02-15T08:00:12,2015-12-01T00:00:00,Departure,Domestic,Freight,39971
958,2016-02-15T08:00:12,2015-12-01T00:00:00,Departure,Domestic,Mail,5603
959,2016-02-15T08:00:12,2015-12-01T00:00:00,Departure,International,Freight,42204
960,2016-02-15T08:00:12,2015-12-01T00:00:00,Departure,International,Mail,1534
961,2016-03-15T08:01:13,2016-01-01T00:00:00,Arrival,Domestic,Freight,27007
962,2016-03-15T08:01:13,2016-01-01T00:00:00,Arrival,Domestic,Mail,2613
963,2016-03-15T08:01:13,2016-01-01T00:00:00,Arrival,International,Freight,50067
964,2016-03-15T08:01:13,2016-01-01T00:00:00,Arrival,International,Mail,1429
965,2016-03-15T08:01:13,2016-01-01T00:00:00,Departure,Domestic,Freight,34011
966,2016-03-15T08:01:13,2016-01-01T00:00:00,Departure,Domestic,Mail,2943
967,2016-03-15T08:01:13,2016-01-01T00:00:00,Departure,International,Freight,39329
968,2016-03-15T08:01:13,2016-01-01T00:00:00,Departure,International,Mail,1422
969,2016-04-15T08:00:57,2016-02-01T00:00:00,Arrival,Domestic,Freight,26874
970,2016-04-15T08:00:57,2016-02-01T00:00:00,Arrival,Domestic,Mail,2089
971,2016-04-15T08:00:57,2016-02-01T00:00:00,Arrival,International,Freight,44425
972,2016-04-15T08:00:57,2016-02-01T00:00:00,Arrival,International,Mail,1082
973,2016-04-15T08:00:57,2016-02-01T00:00:00,Departure,Domestic,Freight,33628
974,2016-04-15T08:00:57,2016-02-01T00:00:00,Departure,Domestic,Mail,2480
975,2016-04-15T08:00:57,2016-02-01T00:00:00,Departure,International,Freight,39171
976,2016-04-15T08:00:57,2016-02-01T00:00:00,Departure,International,Mail,1034
977,2016-05-15T08:00:52,2016-03-01T00:00:00,Arrival,Domestic,Freight,30096
978,2016-05-15T08:00:52,2016-03-01T00:00:00,Arrival,Domestic,Mail,1904
979,2016-05-15T08:00:52,2016-03-01T00:00:00,Arrival,International,Freight,58997
980,2016-05-15T08:00:52,2016-03-01T00:00:00,Arrival,International,Mail,1366
981,2016-05-15T08:00:52,2016-03-01T00:00:00,Departure,Domestic,Freight,40514
982,2016-05-15T08:00:52,2016-03-01T00:00:00,Departure,Domestic,Mail,2600
983,2016-05-15T08:00:52,2016-03-01T00:00:00,Departure,International,Freight,50394
984,2016-05-15T08:00:52,2016-03-01T00:00:00,Departure,International,Mail,1104
985,2016-06-15T08:00:42,2016-04-01T00:00:00,Arrival,Domestic,Freight,28379
986,2016-06-15T08:00:42,2016-04-01T00:00:00,Arrival,Domestic,Mail,1748
987,2016-06-15T08:00:42,2016-04-01T00:00:00,Arrival,International,Freight,60557
988,2016-06-15T08:00:42,2016-04-01T00:00:00,Arrival,International,Mail,1134
989,2016-06-15T08:00:42,2016-04-01T00:00:00,Departure,Domestic,Freight,35638
990,2016-06-15T08:00:42,2016-04-01T00:00:00,Departure,Domestic,Mail,2301
991,2016-06-15T08:00:42,2016-04-01T00:00:00,Departure,International,Freight,44233
992,2016-06-15T08:00:42,2016-04-01T00:00:00,Departure,International,Mail,986
993,2016-07-15T08:00:28,2016-05-01T00:00:00,Arrival,Domestic,Freight,29143
994,2016-07-15T08:00:28,2016-05-01T00:00:00,Arrival,Domestic,Mail,1804
995,2016-07-15T08:00:28,2016-05-01T00:00:00,Arrival,International,Freight,61589
996,2016-07-15T08:00:28,2016-05-01T00:00:00,Arrival,International,Mail,1072
997,2016-07-15T08:00:28,2016-05-01T00:00:00,Departure,Domestic,Freight,36855
998,2016-07-15T08:00:28,2016-05-01T00:00:00,Departure,Domestic,Mail,2615
999,2016-07-15T08:00:28,2016-05-01T00:00:00,Departure,International,Freight,47287
1000,2016-07-15T08:00:28,2016-05-01T00:00:00,Departure,International,Mail,1017
1001,2016-08-15T08:00:42,2016-06-01T00:00:00,Arrival,Domestic,Freight,30400
1002,2016-08-15T08:00:42,2016-06-01T00:00:00,Arrival,Domestic,Mail,2257
1003,2016-08-15T08:00:42,2016-06-01T00:00:00,Arrival,International,Freight,63055
1004,2016-08-15T08:00:42,2016-06-01T00:00:00,Arrival,International,Mail,1267
1005,2016-08-15T08:00:42,2016-06-01T00:00:00,Departure,Domestic,Freight,36191
1006,2016-08-15T08:00:42,2016-06-01T00:00:00,Departure,Domestic,Mail,2713
1007,2016-08-15T08:00:42,2016-06-01T00:00:00,Departure,International,Freight,49325
1008,2016-08-15T08:00:42,2016-06-01T00:00:00,Departure,International,Mail,1050
1009,2016-09-15T08:00:58,2016-07-01T00:00:00,Arrival,Domestic,Freight,29580
1010,2016-09-15T08:00:58,2016-07-01T00:00:00,Arrival,Domestic,Mail,2551
1011,2016-09-15T08:00:58,2016-07-01T00:00:00,Arrival,International,Freight,62320
1012,2016-09-15T08:00:58,2016-07-01T00:00:00,Arrival,International,Mail,2515
1013,2016-09-15T08:00:58,2016-07-01T00:00:00,Departure,Domestic,Freight,34652
1014,2016-09-15T08:00:58,2016-07-01T00:00:00,Departure,Domestic,Mail,2679
1015,2016-09-15T08:00:58,2016-07-01T00:00:00,Departure,International,Freight,49733
1016,2016-09-15T08:00:58,2016-07-01T00:00:00,Departure,International,Mail,1073
1017,2016-10-15T08:00:31,2016-08-01T00:00:00,Arrival,Domestic,Freight,33008
1018,2016-10-15T08:00:31,2016-08-01T00:00:00,Arrival,Domestic,Mail,2543
1019,2016-10-15T08:00:31,2016-08-01T00:00:00,Arrival,International,Freight,64781
1020,2016-10-15T08:00:31,2016-08-01T00:00:00,Arrival,International,Mail,1698
1021,2016-10-15T08:00:31,2016-08-01T00:00:00,Departure,Domestic,Freight,36351
1022,2016-10-15T08:00:31,2016-08-01T00:00:00,Departure,Domestic,Mail,2808
1023,2016-10-15T08:00:31,2016-08-01T00:00:00,Departure,International,Freight,46930
1024,2016-10-15T08:00:31,2016-08-01T00:00:00,Departure,International,Mail,3441
1025,2016-11-15T08:00:32,2016-09-01T00:00:00,Arrival,Domestic,Freight,32383
1026,2016-11-15T08:00:32,2016-09-01T00:00:00,Arrival,Domestic,Mail,2658
1027,2016-11-15T08:00:32,2016-09-01T00:00:00,Arrival,International,Freight,67296
1028,2016-11-15T08:00:32,2016-09-01T00:00:00,Arrival,International,Mail,1177
1029,2016-11-15T08:00:32,2016-09-01T00:00:00,Departure,Domestic,Freight,34404
1030,2016-11-15T08:00:32,2016-09-01T00:00:00,Departure,Domestic,Mail,2794
1031,2016-11-15T08:00:32,2016-09-01T00:00:00,Departure,International,Freight,43597
1032,2016-11-15T08:00:32,2016-09-01T00:00:00,Departure,International,Mail,996
1033,2016-12-15T08:00:29,2016-10-01T00:00:00,Arrival,Domestic,Freight,34499
1034,2016-12-15T08:00:29,2016-10-01T00:00:00,Arrival,Domestic,Mail,2754
1035,2016-12-15T08:00:29,2016-10-01T00:00:00,Arrival,International,Freight,76266
1036,2016-12-15T08:00:29,2016-10-01T00:00:00,Arrival,International,Mail,1319
1037,2016-12-15T08:00:29,2016-10-01T00:00:00,Departure,Domestic,Freight,35204
1038,2016-12-15T08:00:29,2016-10-01T00:00:00,Departure,Domestic,Mail,2929
1039,2016-12-15T08:00:29,2016-10-01T00:00:00,Departure,International,Freight,50197
1040,2016-12-15T08:00:29,2016-10-01T00:00:00,Departure,International,Mail,1040
1041,2017-01-15T08:00:31,2016-11-01T00:00:00,Arrival,Domestic,Freight,32910
1042,2017-01-15T08:00:31,2016-11-01T00:00:00,Arrival,Domestic,Mail,2793
1043,2017-01-15T08:00:31,2016-11-01T00:00:00,Arrival,International,Freight,73511
1044,2017-01-15T08:00:31,2016-11-01T00:00:00,Arrival,International,Mail,1539
1045,2017-01-15T08:00:31,2016-11-01T00:00:00,Departure,Domestic,Freight,36006
1046,2017-01-15T08:00:31,2016-11-01T00:00:00,Departure,Domestic,Mail,3104
1047,2017-01-15T08:00:31,2016-11-01T00:00:00,Departure,International,Freight,45862
1048,2017-01-15T08:00:31,2016-11-01T00:00:00,Departure,International,Mail,1013
1049,2017-02-15T08:01:02,2016-12-01T00:00:00,Arrival,Domestic,Freight,35883
1050,2017-02-15T08:01:02,2016-12-01T00:00:00,Arrival,Domestic,Mail,4091
1051,2017-02-15T08:01:02,2016-12-01T00:00:00,Arrival,International,Freight,64238
1052,2017-02-15T08:01:02,2016-12-01T00:00:00,Arrival,International,Mail,1936
1053,2017-02-15T08:01:02,2016-12-01T00:00:00,Departure,Domestic,Freight,39927
1054,2017-02-15T08:01:02,2016-12-01T00:00:00,Departure,Domestic,Mail,6436
1055,2017-02-15T08:01:02,2016-12-01T00:00:00,Departure,International,Freight,48245
1056,2017-02-15T08:01:02,2016-12-01T00:00:00,Departure,International,Mail,1452
1057,2017-03-15T08:00:30,2017-01-01T00:00:00,Arrival,Domestic,Freight,29086
1058,2017-03-15T08:00:30,2017-01-01T00:00:00,Arrival,Domestic,Mail,2781
1059,2017-03-15T08:00:30,2017-01-01T00:00:00,Arrival,International,Freight,59093
1060,2017-03-15T08:00:30,2017-01-01T00:00:00,Arrival,International,Mail,1420
1061,2017-03-15T08:00:30,2017-01-01T00:00:00,Departure,Domestic,Freight,32514
1062,2017-03-15T08:00:30,2017-01-01T00:00:00,Departure,Domestic,Mail,3133
1063,2017-03-15T08:00:30,2017-01-01T00:00:00,Departure,International,Freight,43790
1064,2017-03-15T08:00:30,2017-01-01T00:00:00,Departure,International,Mail,924
1065,2017-04-15T08:01:01,2017-02-01T00:00:00,Arrival,Domestic,Freight,27259
1066,2017-04-15T08:01:01,2017-02-01T00:00:00,Arrival,Domestic,Mail,2567
1067,2017-04-15T08:01:01,2017-02-01T00:00:00,Arrival,International,Freight,49824
1068,2017-04-15T08:01:01,2017-02-01T00:00:00,Arrival,International,Mail,1406
1069,2017-04-15T08:01:01,2017-02-01T00:00:00,Departure,Domestic,Freight,33841
1070,2017-04-15T08:01:01,2017-02-01T00:00:00,Departure,Domestic,Mail,2843
1071,2017-04-15T08:01:01,2017-02-01T00:00:00,Departure,International,Freight,45592
1072,2017-04-15T08:01:01,2017-02-01T00:00:00,Departure,International,Mail,898
1073,2017-05-15T08:00:46,2017-03-01T00:00:00,Arrival,Domestic,Freight,33310
1074,2017-05-15T08:00:46,2017-03-01T00:00:00,Arrival,Domestic,Mail,2953
1075,2017-05-15T08:00:46,2017-03-01T00:00:00,Arrival,International,Freight,71754
1076,2017-05-15T08:00:46,2017-03-01T00:00:00,Arrival,International,Mail,1793
1077,2017-05-15T08:00:46,2017-03-01T00:00:00,Departure,Domestic,Freight,40288
1078,2017-05-15T08:00:46,2017-03-01T00:00:00,Departure,Domestic,Mail,3193
1079,2017-05-15T08:00:46,2017-03-01T00:00:00,Departure,International,Freight,52096
1080,2017-05-15T08:00:46,2017-03-01T00:00:00,Departure,International,Mail,849
1081,2017-06-15T08:00:49,2017-03-01T00:00:00,Arrival,Domestic,Freight,33310
1082,2017-06-15T08:00:49,2017-03-01T00:00:00,Arrival,Domestic,Mail,2953
1083,2017-06-15T08:00:49,2017-03-01T00:00:00,Arrival,International,Freight,71754
1084,2017-06-15T08:00:49,2017-03-01T00:00:00,Arrival,International,Mail,1793
1085,2017-06-15T08:00:49,2017-03-01T00:00:00,Departure,Domestic,Freight,40288
1086,2017-06-15T08:00:49,2017-03-01T00:00:00,Departure,Domestic,Mail,3193
1087,2017-06-15T08:00:49,2017-03-01T00:00:00,Departure,International,Freight,52096
1088,2017-06-15T08:00:49,2017-03-01T00:00:00,Departure,International,Mail,849
1089,2017-06-15T08:00:49,2017-04-01T00:00:00,Arrival,Domestic,Freight,30418
1090,2017-06-15T08:00:49,2017-04-01T00:00:00,Arrival,Domestic,Mail,2467
1091,2017-06-15T08:00:49,2017-04-01T00:00:00,Arrival,International,Freight,71820
1092,2017-06-15T08:00:49,2017-04-01T00:00:00,Arrival,International,Mail,1588
1093,2017-06-15T08:00:49,2017-04-01T00:00:00,Departure,Domestic,Freight,35882
1094,2017-06-15T08:00:49,2017-04-01T00:00:00,Departure,Domestic,Mail,2988
1095,2017-06-15T08:00:49,2017-04-01T00:00:00,Departure,International,Freight,45955
1096,2017-06-15T08:00:49,2017-04-01T00:00:00,Departure,International,Mail,1025
1097,2017-07-15T08:00:45,2017-05-01T00:00:00,Arrival,Domestic,Freight,32121
1098,2017-07-15T08:00:45,2017-05-01T00:00:00,Arrival,Domestic,Mail,2813
1099,2017-07-15T08:00:45,2017-05-01T00:00:00,Arrival,International,Freight,75062
1100,2017-07-15T08:00:45,2017-05-01T00:00:00,Arrival,International,Mail,1680
1101,2017-07-15T08:00:45,2017-05-01T00:00:00,Departure,Domestic,Freight,39177
1102,2017-07-15T08:00:45,2017-05-01T00:00:00,Departure,Domestic,Mail,3019
1103,2017-07-15T08:00:45,2017-05-01T00:00:00,Departure,International,Freight,52923
1104,2017-07-15T08:00:45,2017-05-01T00:00:00,Departure,International,Mail,991
1105,2017-08-15T08:00:43,2017-06-01T00:00:00,Arrival,Domestic,Freight,33388
1106,2017-08-15T08:00:43,2017-06-01T00:00:00,Arrival,Domestic,Mail,2765
1107,2017-08-15T08:00:43,2017-06-01T00:00:00,Arrival,International,Freight,74550
1108,2017-08-15T08:00:43,2017-06-01T00:00:00,Arrival,International,Mail,1530
1109,2017-08-15T08:00:43,2017-06-01T00:00:00,Departure,Domestic,Freight,38842
1110,2017-08-15T08:00:43,2017-06-01T00:00:00,Departure,Domestic,Mail,3275
1111,2017-08-15T08:00:43,2017-06-01T00:00:00,Departure,International,Freight,53675
1112,2017-08-15T08:00:43,2017-06-01T00:00:00,Departure,International,Mail,909
1113,2017-09-15T08:00:44,2017-07-01T00:00:00,Arrival,Domestic,Freight,30519
1114,2017-09-15T08:00:44,2017-07-01T00:00:00,Arrival,Domestic,Mail,2809
1115,2017-09-15T08:00:44,2017-07-01T00:00:00,Arrival,International,Freight,73355
1116,2017-09-15T08:00:44,2017-07-01T00:00:00,Arrival,International,Mail,1543
1117,2017-09-15T08:00:44,2017-07-01T00:00:00,Departure,Domestic,Freight,34142
1118,2017-09-15T08:00:44,2017-07-01T00:00:00,Departure,Domestic,Mail,3174
1119,2017-09-15T08:00:44,2017-07-01T00:00:00,Departure,International,Freight,56092
1120,2017-09-15T08:00:44,2017-07-01T00:00:00,Departure,International,Mail,935
1121,2017-10-15T08:00:40,2017-08-01T00:00:00,Arrival,Domestic,Freight,32515
1122,2017-10-15T08:00:40,2017-08-01T00:00:00,Arrival,Domestic,Mail,2914
1123,2017-10-15T08:00:40,2017-08-01T00:00:00,Arrival,International,Freight,74252
1124,2017-10-15T08:00:40,2017-08-01T00:00:00,Arrival,International,Mail,1580
1125,2017-10-15T08:00:40,2017-08-01T00:00:00,Departure,Domestic,Freight,38990
1126,2017-10-15T08:00:40,2017-08-01T00:00:00,Departure,Domestic,Mail,3501
1127,2017-10-15T08:00:40,2017-08-01T00:00:00,Departure,International,Freight,50743
1128,2017-10-15T08:00:40,2017-08-01T00:00:00,Departure,International,Mail,929
1129,2017-11-15T08:00:41,2017-09-01T00:00:00,Arrival,Domestic,Freight,32683
1130,2017-11-15T08:00:41,2017-09-01T00:00:00,Arrival,Domestic,Mail,2633
1131,2017-11-15T08:00:41,2017-09-01T00:00:00,Arrival,International,Freight,72876
1132,2017-11-15T08:00:41,2017-09-01T00:00:00,Arrival,International,Mail,1589
1133,2017-11-15T08:00:41,2017-09-01T00:00:00,Departure,Domestic,Freight,36303
1134,2017-11-15T08:00:41,2017-09-01T00:00:00,Departure,Domestic,Mail,3334
1135,2017-11-15T08:00:41,2017-09-01T00:00:00,Departure,International,Freight,46688
1136,2017-11-15T08:00:41,2017-09-01T00:00:00,Departure,International,Mail,983
1137,2017-12-15T08:00:40,2017-10-01T00:00:00,Arrival,Domestic,Freight,34253
1138,2017-12-15T08:00:40,2017-10-01T00:00:00,Arrival,Domestic,Mail,2620
1139,2017-12-15T08:00:40,2017-10-01T00:00:00,Arrival,International,Freight,72075
1140,2017-12-15T08:00:40,2017-10-01T00:00:00,Arrival,International,Mail,1660
1141,2017-12-15T08:00:40,2017-10-01T00:00:00,Departure,Domestic,Freight,37762
1142,2017-12-15T08:00:40,2017-10-01T00:00:00,Departure,Domestic,Mail,3464
1143,2017-12-15T08:00:40,2017-10-01T00:00:00,Departure,International,Freight,48566
1144,2017-12-15T08:00:40,2017-10-01T00:00:00,Departure,International,Mail,1104
1145,2018-01-15T08:00:38,2017-11-01T00:00:00,Arrival,Domestic,Freight,35577
1146,2018-01-15T08:00:38,2017-11-01T00:00:00,Arrival,Domestic,Mail,2841
1147,2018-01-15T08:00:38,2017-11-01T00:00:00,Arrival,International,Freight,78626
1148,2018-01-15T08:00:38,2017-11-01T00:00:00,Arrival,International,Mail,1394
1149,2018-01-15T08:00:38,2017-11-01T00:00:00,Departure,Domestic,Freight,38821
1150,2018-01-15T08:00:38,2017-11-01T00:00:00,Departure,Domestic,Mail,3745
1151,2018-01-15T08:00:38,2017-11-01T00:00:00,Departure,International,Freight,50369
1152,2018-01-15T08:00:38,2017-11-01T00:00:00,Departure,International,Mail,2032
1153,2018-02-15T08:00:37,2017-12-01T00:00:00,Arrival,Domestic,Freight,37107
1154,2018-02-15T08:00:37,2017-12-01T00:00:00,Arrival,Domestic,Mail,4485
1155,2018-02-15T08:00:37,2017-12-01T00:00:00,Arrival,International,Freight,71116
1156,2018-02-15T08:00:37,2017-12-01T00:00:00,Arrival,International,Mail,2175
1157,2018-02-15T08:00:37,2017-12-01T00:00:00,Departure,Domestic,Freight,41384
1158,2018-02-15T08:00:37,2017-12-01T00:00:00,Departure,Domestic,Mail,6755
1159,2018-02-15T08:00:37,2017-12-01T00:00:00,Departure,International,Freight,48532
1160,2018-02-15T08:00:37,2017-12-01T00:00:00,Departure,International,Mail,1480
1161,2018-03-15T08:00:35,2018-01-01T00:00:00,Arrival,Domestic,Freight,30538
1162,2018-03-15T08:00:35,2018-01-01T00:00:00,Arrival,Domestic,Mail,2876
1163,2018-03-15T08:00:35,2018-01-01T00:00:00,Arrival,International,Freight,64383
1164,2018-03-15T08:00:35,2018-01-01T00:00:00,Arrival,International,Mail,1849
1165,2018-03-15T08:00:35,2018-01-01T00:00:00,Departure,Domestic,Freight,35259
1166,2018-03-15T08:00:35,2018-01-01T00:00:00,Departure,Domestic,Mail,3886
1167,2018-03-15T08:00:35,2018-01-01T00:00:00,Departure,International,Freight,46289
1168,2018-03-15T08:00:35,2018-01-01T00:00:00,Departure,International,Mail,1026
1169,2018-04-15T08:00:39,2018-02-01T00:00:00,Arrival,Domestic,Freight,25652
1170,2018-04-15T08:00:39,2018-02-01T00:00:00,Arrival,Domestic,Mail,2539
1171,2018-04-15T08:00:39,2018-02-01T00:00:00,Arrival,International,Freight,59727
1172,2018-04-15T08:00:39,2018-02-01T00:00:00,Arrival,International,Mail,1341
1173,2018-04-15T08:00:39,2018-02-01T00:00:00,Departure,Domestic,Freight,34152
1174,2018-04-15T08:00:39,2018-02-01T00:00:00,Departure,Domestic,Mail,3194
1175,2018-04-15T08:00:39,2018-02-01T00:00:00,Departure,International,Freight,45575
1176,2018-04-15T08:00:39,2018-02-01T00:00:00,Departure,International,Mail,917
1177,2018-05-15T08:00:38,2018-03-01T00:00:00,Arrival,Domestic,Freight,28371
1178,2018-05-15T08:00:38,2018-03-01T00:00:00,Arrival,Domestic,Mail,2828
1179,2018-05-15T08:00:38,2018-03-01T00:00:00,Arrival,International,Freight,71542
1180,2018-05-15T08:00:38,2018-03-01T00:00:00,Arrival,International,Mail,1781
1181,2018-05-15T08:00:38,2018-03-01T00:00:00,Departure,Domestic,Freight,39036
1182,2018-05-15T08:00:38,2018-03-01T00:00:00,Departure,Domestic,Mail,3621
1183,2018-05-15T08:00:38,2018-03-01T00:00:00,Departure,International,Freight,57693
1184,2018-05-15T08:00:38,2018-03-01T00:00:00,Departure,International,Mail,1075
1185,2018-06-15T08:00:37,2018-04-01T00:00:00,Arrival,Domestic,Freight,26395
1186,2018-06-15T08:00:37,2018-04-01T00:00:00,Arrival,Domestic,Mail,2769
1187,2018-06-15T08:00:37,2018-04-01T00:00:00,Arrival,International,Freight,76217
1188,2018-06-15T08:00:37,2018-04-01T00:00:00,Arrival,International,Mail,1904
1189,2018-06-15T08:00:37,2018-04-01T00:00:00,Departure,Domestic,Freight,33957
1190,2018-06-15T08:00:37,2018-04-01T00:00:00,Departure,Domestic,Mail,3224
1191,2018-06-15T08:00:37,2018-04-01T00:00:00,Departure,International,Freight,50452
1192,2018-06-15T08:00:37,2018-04-01T00:00:00,Departure,International,Mail,1031
1193,2018-07-15T08:00:37,2018-05-01T00:00:00,Arrival,Domestic,Freight,28545
1194,2018-07-15T08:00:37,2018-05-01T00:00:00,Arrival,Domestic,Mail,2616
1195,2018-07-15T08:00:37,2018-05-01T00:00:00,Arrival,International,Freight,79466
1196,2018-07-15T08:00:37,2018-05-01T00:00:00,Arrival,International,Mail,1591
1197,2018-07-15T08:00:37,2018-05-01T00:00:00,Departure,Domestic,Freight,39225
1198,2018-07-15T08:00:37,2018-05-01T00:00:00,Departure,Domestic,Mail,3309
1199,2018-07-15T08:00:37,2018-05-01T00:00:00,Departure,International,Freight,53713
1200,2018-07-15T08:00:37,2018-05-01T00:00:00,Departure,International,Mail,1035
1201,2018-08-15T08:00:39,2018-06-01T00:00:00,Arrival,Domestic,Freight,28414
1202,2018-08-15T08:00:39,2018-06-01T00:00:00,Arrival,Domestic,Mail,2525
1203,2018-08-15T08:00:39,2018-06-01T00:00:00,Arrival,International,Freight,77091
1204,2018-08-15T08:00:39,2018-06-01T00:00:00,Arrival,International,Mail,1413
1205,2018-08-15T08:00:39,2018-06-01T00:00:00,Departure,Domestic,Freight,38061
1206,2018-08-15T08:00:39,2018-06-01T00:00:00,Departure,Domestic,Mail,3230
1207,2018-08-15T08:00:39,2018-06-01T00:00:00,Departure,International,Freight,55694
1208,2018-08-15T08:00:39,2018-06-01T00:00:00,Departure,International,Mail,1023
1209,2018-09-15T08:00:40,2018-07-01T00:00:00,Arrival,Domestic,Freight,28991
1210,2018-09-15T08:00:40,2018-07-01T00:00:00,Arrival,Domestic,Mail,2513
1211,2018-09-15T08:00:40,2018-07-01T00:00:00,Arrival,International,Freight,74620
1212,2018-09-15T08:00:40,2018-07-01T00:00:00,Arrival,International,Mail,1382
1213,2018-09-15T08:00:40,2018-07-01T00:00:00,Departure,Domestic,Freight,36608
1214,2018-09-15T08:00:40,2018-07-01T00:00:00,Departure,Domestic,Mail,3119
1215,2018-09-15T08:00:40,2018-07-01T00:00:00,Departure,International,Freight,55138
1216,2018-09-15T08:00:40,2018-07-01T00:00:00,Departure,International,Mail,912
1217,2018-10-15T08:00:41,2018-08-01T00:00:00,Arrival,Domestic,Freight,31493
1218,2018-10-15T08:00:41,2018-08-01T00:00:00,Arrival,Domestic,Mail,2581
1219,2018-10-15T08:00:41,2018-08-01T00:00:00,Arrival,International,Freight,77972
1220,2018-10-15T08:00:41,2018-08-01T00:00:00,Arrival,International,Mail,1506
1221,2018-10-15T08:00:41,2018-08-01T00:00:00,Departure,Domestic,Freight,38477
1222,2018-10-15T08:00:41,2018-08-01T00:00:00,Departure,Domestic,Mail,3285
1223,2018-10-15T08:00:41,2018-08-01T00:00:00,Departure,International,Freight,59002
1224,2018-10-15T08:00:41,2018-08-01T00:00:00,Departure,International,Mail,969
1225,2018-11-15T08:00:40,2018-09-01T00:00:00,Arrival,Domestic,Freight,29069
1226,2018-11-15T08:00:40,2018-09-01T00:00:00,Arrival,Domestic,Mail,2528
1227,2018-11-15T08:00:40,2018-09-01T00:00:00,Arrival,International,Freight,82352
1228,2018-11-15T08:00:40,2018-09-01T00:00:00,Arrival,International,Mail,1401
1229,2018-11-15T08:00:40,2018-09-01T00:00:00,Departure,Domestic,Freight,35742
1230,2018-11-15T08:00:40,2018-09-01T00:00:00,Departure,Domestic,Mail,3144
1231,2018-11-15T08:00:40,2018-09-01T00:00:00,Departure,International,Freight,54155
1232,2018-11-15T08:00:40,2018-09-01T00:00:00,Departure,International,Mail,976
1233,2018-12-15T08:00:45,2018-10-01T00:00:00,Arrival,Domestic,Freight,35935
1234,2018-12-15T08:00:45,2018-10-01T00:00:00,Arrival,Domestic,Mail,2500
1235,2018-12-15T08:00:45,2018-10-01T00:00:00,Arrival,International,Freight,76103
1236,2018-12-15T08:00:45,2018-10-01T00:00:00,Arrival,International,Mail,1565
1237,2018-12-15T08:00:45,2018-10-01T00:00:00,Departure,Domestic,Freight,40902
1238,2018-12-15T08:00:45,2018-10-01T00:00:00,Departure,Domestic,Mail,3325
1239,2018-12-15T08:00:45,2018-10-01T00:00:00,Departure,International,Freight,55108
1240,2018-12-15T08:00:45,2018-10-01T00:00:00,Departure,International,Mail,1005
